album_id,album_name
75019098,我曾
80918751,这一生关于你的风景
83601943,我的姑娘她在远方
36157658,大风遇到了雨
79930825,得不到你
81881681,失乐
82853031,初秋和你
35515694,你是姑娘不是我的新娘
78763674,游
81531991,敬长安
80535453,如谁所愿
82041921,我和我的祖国
81699742,过命的弟兄
78570934,雪暴
80003734,尘
34780271,初学者
2681139,意外
3154175,绅士
74999481,怪咖
36855053,渡
17074,未完成的歌
3316028,一半
17072,几个薛之谦
34861909,来日方长
34749139,重返十七岁
83878976,麻雀
73914415,耳朵
13140,小黄
36796018,戒烟
3131104,不将就
34567265,有理想
3056204,喜剧之王
3109627,热门华语262
2659088,模特
3075071,李荣浩
34861281,不说
73326637,中国新说唱第10期
36225128,我看着你的时候
3142035,我是歌手第三季第4期
36451504,祝你幸福
36037408,歌谣
35634713,就这样
34427077,满座
35535114,嗯
36525767,后羿
35845270,裙姊
36784299,嗯
83535299,下山
82606706,多情种
83770626,卑微小调
82159941,好男人都死哪去了
83643019,琴师
83406763,画心(男生版)
83535252,卑微小调
84054392,常乐
83609543,多情种
84236870,慕夏
2301158,因你而在
3056951,新地球
10750,学不会
10755,她说概念自选辑
10770,JJ陆
10804,第二天堂
10766,100天
81704189,将故事写成我们
10792,曹操
10799,编号89757
34608091,我是歌手第四季歌王之战
24803,不可思议金选
10777,西界
79630781,我们很好
3438282,和自己对话FromM.E.ToMyself
10808,乐行者
3270689,最佳前男友电视原声带
34739607,超越无限
6451,What'sGoingOn…?
38296010,我们
6434,认了吧
2801259,rice&shine
6452,LifeContinues…
6491,U-87
6375,TimeFlies
6341,？
6365,DUO陈奕迅2010演唱会
6454,GetALife演唱会
6355,StrangerUnderMySkin
3142085,我是歌手第三季总决赛
2685339,ConcertYY黄伟文作品展演唱会
6394,Solidays新曲+精选
6335,...3mm
6388,H³M
2261091,梦想天空分外蓝
18932,ReImagineLeslieCheung
6604,婚礼的祝福
2518003,TheKey
6410,EasonMovingOnStage1
80235030,相信你的人
3279543,无条件唱陈奕迅
34923261,四季
511843,承诺
23950,美好岁月
3404003,SleepAlone
82895847,你的答案
75422117,太多
73535571,有机会一起抽烟
82495902,二十四（demo）
78938226,听闻余生
78408655,夺走我爱情的刺客
78546201,月下的誓言
78462644,狼性
78570420,晚安
81762080,嗜好
79591241,祝你爱我到天荒地老
75473750,有可能的夜晚
83770787,失眠症候群
78829908,孤单心事
82595937,初恋那件小事电视剧原声带
78143563,胆小鬼
80364077,追风
80756606,好喜欢你
82270478,很需要
81917407,不难
82744126,靠近
82594496,家国天下
81351577,聚划算99划算盛典Live
84358247,你和我和猫
39483040,平凡的一天
83823905,小王
37548020,香蜜沉沉烬如霜电视原声音乐专辑
36997221,无问
80917535,极限17影视原声专辑
36997053,感觉自己是巨星
36784061,项羽虞姬
74268619,创业时代影视剧原声带
74829901,我们的主题曲Vol.1TheVeryBestofGoldenDog
71614796,意料之中
74269222,那时的我们
36784298,请记住我
73471903,天坑鹰猎电视原声带
74830030,在无风时
37467207,如果有一天我变得很有钱(必胜客新春版)
36972068,寻梦环游记(豪华版原声带)
74265979,中国音乐公告牌第十一期
73471937,一江水
83848829,好想爱这个世界啊
2975208,烟火里的尘埃
3292678,异类
82784844,与火星的孩子对话
35578236,齐天
34768521,HereWeAre
36192844,无聊人
72706788,寒鸦少年
34897688,我离孤单几公里
35368354,寻
36412204,智商二五零
34826338,ForForever
3021003,卡西莫多的礼物
34984245,我的滑板鞋2016
34897686,消失的昨天
3010205,卡西莫多的礼物
34753110,造物者
34738704,巨鹿
34791100,ToBeFree
2732554,趁你还年轻
3130028,癌
35347577,随我
34589972,火星情报局
36875227,相爱穿梭千年2：月光下的交换
3076565,热门华语253
3010126,自己的太阳
39591028,夏之旅
2956058,WhyNobodyFights
2811111,花儿与少年
36875180,追梦敢不敢
3102678,就这Young
3275736,热门华语280
3094379,热门华语259
34749138,青年晚报
16953,自定义
16949,素颜
16932,梦游计
2893090,不如吃茶去
82435664,雨幕
16951,寻雾启示
16960,断桥残雪
16959,许嵩单曲集
38373470,我乐意
16936,天龙八部之宿敌
512106,乐酷
16942,半城烟沙
71747023,寻宝游戏
16937,苏格拉没有底
74519732,绝代风华
16955,我想牵着你的手
3270688,千古
35069309,今年勇
36871103,蝴蝶的时间
34861081,江湖
16968,V
35282041,深夜书店
79130968,孤身
36633179,白羊
83045334,我可以
36913155,千禧
36152328,青柠
71855800,零零
35222242,鸽子
38592047,双子
78221644,去见你
82497615,木质星球
37987043,拥抱
35285562,不二臣
36457204,氤氲
34870297,路远马亡
82302160,星子
75351594,离家最近的路
75016703,宝贝
35373032,林宥嘉
37176029,年年
78270462,胆小鬼
35551590,迂回
74267848,艺术家
80848946,七月与安生影视原声全辑
35666350,陈瑞
79191452,失眠飞行
78232124,初遇
82851821,绿洲
35533615,椿
75019881,告白
80621802,超喜欢你
39593148,不打扰
82302646,谈恋爱前不如先养猫
80344268,须后水
37641971,里面
34564144,某个集团
38796049,BlueDress
73924804,道理的道理
34573014,菲菲
34993474,预言家
3017439,热门华语241
36589987,好奇（Curious）
36888505,日子全都喂给了猫
34564143,爱冬野的少年
34902875,立方客
36117587,陷于灰色幻象
35155046,突然来的新年
3203171,热门华语269
35355421,清醒纪
80816891,嚣张
79224113,天龙八部之宿敌cover许嵩
81948144,你走之后的雨季
38226049,没有理由
35559257,再也没有
80005837,放个大招给你看
71614249,小鹿乱撞
79257354,开普勒452B
82921774,怎么了，没什么
75833202,是你
74991815,围绕
35560248,撒野
75137216,为你疯狂
81330483,给你一个稳
37575107,全部都给你
72071014,不停
38273135,That’sMe
35368355,旅程
80124436,夏天的夏天
72384783,动物(Animal)
84029031,2020全都要稳
10764,感官/世界
38983092,成全
10752,大小说家
34897385,全世界谁倾听你
10776,神秘嘉宾
10757,美妙生活
10754,SensesAroundLiveTour
34552,星光同学会
34738387,今日营业中
81876342,少女
511627,台剧万岁
77634399,别让我走远
34549,爱星光精选昨天今天明天
71611869,TheGREATYOGA数位Live精选
35544019,船
34886980,必娶女人电视原声带
72070692,爱情进化论电视剧原声带
71612677,推动摇篮的手
80067034,流淌的美好时光影视原声带
2334121,JazzChannel
2532053,神游世界巡回演唱会台北旗舰场
3288038,热门华语281
34924009,长大的童话
3275248,如同悲伤被下载了两次
34860033,秦时明月电视剧原声带
83538037,没有理由
80982754,不得不爱
83409048,你走以后
81142793,重来
75892065,AllFallsDown
80831351,LoveStruck
78248182,壹九
78743564,BEGGIN
82499517,Shy
81277112,Allbymyself
81640701,噪音
80020724,YoungBoss
78812072,Decent!(feat.Lambert)
81642037,NACHO
80757869,Doubledown
81090004,飞
78883169,你走以后1.0
36916577,你走以后
71784153,起风了remix
78806537,你走以后2.0
75596676,wex
74009644,不如不见面remix
79005679,她是個極有魅力的怪物
80011395,她
78535779,靠近
78455716,4.18
81513825,你
80257905,R0725
78143633,☼
73974456,lonelyxx
84196348,喜欢
78720135,我的名字
83535741,爱你不是两三天
79466941,你曾是少年
36231818,赧然的贼2017
34838033,混蛋
79755245,强风吹拂电视原声带
80119648,带着爸爸去留学电视原声带
81176278,山月不知心底事电视剧原声带
34793936,立日心
34792486,赧然的贼
36979178,新年快乐
81034994,加油，你是最棒的电视原声带
36016058,2017快乐男声个人抢冠赛6进5
81559999,Life·Live
35835571,2017快乐男声全国赛第八期
35908758,2017快乐男声个人抢冠赛7进6
34894716,黑色的海
35745308,2017快乐男声全国赛第六期
35688444,2017快乐男声全国赛第四期
74999547,只记今朝笑
81254310,我在未来等你电视剧原声专辑
36107159,2017快乐男声冠军之夜
35696740,2017快乐男声全国赛第五期
35805108,2017快乐男声全国赛第七期
36030587,2017快乐男声个人抢冠赛5进4
73471940,少年行
35886034,2017快乐男声全国赛第九期
74268759,中国音乐公告牌第十期
79461803,耿
16606,万有引力
16608,好安静
38721034,忽而今夏电视剧珍爱原声大碟
34839537,微微一笑很倾城电视原声带
16611,慢慢懂
17594,不良少年
73468127,中国新声代第五季第十一期
35644242,夏至未至影视原声带
16614,巴赫旧约
74064632,为你写诗
72070871,中国新声代第五季第二期
72797059,克制凶猛
3159123,花千骨电视原声带
80460031,星星坠落时
74023874,无名之辈
3287224,登陆计划
2882154,传世乐章
39480033,小流星
2857101,晴
34439032,灵主不悔
3378020,热门华语283
79379741,这一生关于你的风景
80500381,这城市风总是很大
73828956,年少
80072388,平胸女子
81068891,亦是此间少年
83939282,大梦
82039180,雪花膏
82088357,太阳（完整版）
82575447,拾忆
83797124,重演
80533553,画
80789634,拜拜
79560749,化身孤岛的鲸
84308690,情字难(男版)
74973283,生而为人
80915281,迷人的危险
79930549,那就晚安
83918662,感情医生
81509550,再怎么爱
78802507,鲸鱼
39684642,说故事的男孩儿
83104274,别走远
80623599,我来唱一首歌
19316,遥远的她.Amour
19020,在你身边
19076,学友热
19243,吻别
19146,忘记你我做不到
19226,饿狼传说
19237,等你等到我心痛
19194,一生跟你走作品集
19155,情缘十载
19093,友情歌1995-2000世纪情歌金选
19098,JackyCheung15
19046,黑与白新歌+精选1985-2004
3388880,Celebration45thAnniversary环球志101
19085,友情对唱
19255,爱你多一些精选
19125,情歌岁月
19187,过敏世界
19037,活出生命Live演唱会
19175,三年两语
19273,只愿一生爱一人
19118,不后悔
19234,祝福
511885,宝鉴
19190,真爱(新曲+真正精选)
19121,释放自己
19062,他在那里
9259,十年选
10948,林夕字传
19105,走过1999
513979,地球大合唱
19115,有个人
19306,相爱
19240,我与你
75465355,你是人间四月天
74935701,写给黄淮
79791576,暖一杯茶
74387689,借忧所以然
72780839,我在黄淮
83750581,失眠
78534912,解忧
83827759,当倾尽所有余生何求
80499505,过期的青春
80917467,渺无音信
81698599,下雨的杭州
82918174,一个人的狂欢
74694152,少年依然在
78926482,我们都是无名之辈
83917346,大蛇2电影原声带
81027190,2019无敌大串烧
35258839,烟袋斜街
35008198,锦里（OriginalMix）
80320012,单线告别
34966145,YOUTH(KissgunRemix)
35146227,Beijing
34903154,南锣鼓巷
34892026,夜袭漓江塔
35438489,田子坊
72218520,宝贝
36417980,我不害怕
34916134,大白兔奶糖
34892790,Beautifulcloud
34892210,Onlywithyou
34914224,迷路（OriginalMix）
34878283,Rush（JiaoYanpears&KissgunRemix）
36067825,脾气
83008035,野狼disco
80986146,中国新说唱2019第十期
38293963,路易
83915200,嗨唱转起来第8期
75618334,千王之王（LoveGambler)
36457807,你的老舅
35147852,龙门客栈
74169420,YoungMafia（Remix）
34792840,《样带:38场29镜2次》
71716063,《Young》
73813979,YMC
75509015,《钱雨》
80235556,中国新说唱2019第四期
36832915,F.E.A.T
83675291,星驰
71720485,长安砂岚
36569472,来日方长
79919480,中国新说唱2019第二期
79449730,逆流而上
39524431,DragMeDown(Feat.宝石Gem)
36492631,城市忍者疾风传
36917448,远和近
37904507,杨花大桥
38005081,留灯
37876103,WOLFMAN
37862478,远和近
37692529,香槟
36867727,killaeatnoodle
36869428,KillaEatNoodle(ProdbyYoungMetro)
35005583,飞行器的执行周期
8401,微微
74530719,It'sAlwaysTheLittleThings
36278121,不明下落
8403,郭顶同名专辑
2321001,初·爱
2290034,我是歌手第一季第5期
35757233,越过山丘
17833,原色
35369301,歌手第13期
3139962,我变了我没变
2374056,我是歌手第一季第11期
17840,鸽子
3222017,热门华语271
84070859,被光抓走的人电影原声带
3142088,我是歌手2015巅峰会
2462048,爱情自有天意电视原声带
2396284,我是歌手第一季第12期
37464083,谈判官电视原声带
35456292,欢乐颂2电视原声带
3295048,热门华语282
17835,Star!Start!星空传奇演唱会
3010183,热门华语240
2290005,我是歌手第一季第3期
35663210,电影《闪光少女》OST概念音乐计划
2290028,我是歌手第一季第4期
35535088,天龙八部
2747002,热门华语3
2415003,我是歌手第一季总决赛
2696063,热门华语163
2693040,热门华语87
78351652,拾鱼
3176074,热门华语267
2771165,热门华语209
39723555,只要平凡
2643348,爱，不解释
19318,明天过后
19298,"这,就是爱"
35266083,歌手第8期
2786867,我是歌手第二季第8期
2866684,古剑奇谭电视原声带
19322,最美的太阳
19315,穿越三部曲
3275171,拾
19307,着魔
2975006,中国新声代第二季第十三期
3165572,一念之间
19292,最接近天堂的地方
19326,年轻的战场
35188207,歌手第5期
19290,逆战
3174134,真心英雄
511367,快乐出发
2786866,我是歌手第二季第7期
35313032,歌手第10期
2992050,很奇怪我爱你
2786865,我是歌手第二季第6期
19295,赛尔号之寻找凤凰神兽动画电影原声带
3154231,直到世界尽头
37099061,FAST
19289,搁浅
79886335,第二街区
79463462,糖
72363263,囍（ChineseWedding）
74829385,葛东琪翻唱集（不定时更新）
83766965,夺梦
78511999,SOS
82201728,烤山药（Chineseyam）
73915849,烫嘴歌
80068444,不拆穿
73473182,没结尾的结尾
37392404,星期六（Saturday）
74528201,SOS
34913191,发条人
36790979,Icantakeit
35909094,Tbang2017·青
36813114,Tbang2017•红
18937,IAmWhatIAm
19057,Ultimate
2537127,最红
19078,张国荣告别乐坛演唱会
18934,LeslieCheungFourSeasons
19003,大热
18959,钟情张国荣
18978,热·情演唱会
19029,这些年来EP
19087,Salute
19014,陪你倒数
18951,张国荣电影歌集
2374026,"MissYouMuch,Leslie"
18972,一切随风
19012,Untitled
18945,戏魅
34930257,成都
20339,赵小雷
3048030,吉姆餐厅
35069014,无法长大
37256446,十九岁
3184495,阿弥陀佛么么哒·一个孩子的心愿
34943558,无法长大
71883100,彩虹下面
2698124,热门华语197
36751059,静下来
34783252,好吗好的
35176122,歌手第4期
35157146,歌手第3期
3295812,再也不会去丽江
3082303,"乖,摸摸头配乐集"
39593136,你坏
38388031,赵雷·专场
36703053,你来我在
81590985,勿忘
2266009,遗憾
2270077,我的歌声里
2263011,中国好声音第一季澳门演唱会
2519105,敏感者
2762117,新能量群星合集
2720108,原来爱情没有刚刚好
34841491,谢谢你
2537004,我为歌狂（第十一期）
2753025,想神马有神马
2716071,取名回忆的时光
2693062,热门华语97
34851386,武林外外传电影原声带
2662059,希望爱
71855745,昨日青空
83012275,连名带姓
81637019,寂寞寂寞就好
80419340,亲爱的，热爱的影视原声带
37579301,偶像练习生表演曲目合集
81727589,荒诞学家
82525805,AZORAland
82700869,嗨唱转起来第2期
79587024,神奇的汉字
80343462,幸福指南编辑部
84386607,到时见
78425810,最近
75756169,最近
81056702,好心分手
75758470,最近，还好
82121947,犯错
83851354,挥着翅膀的女孩
78464807,盛夏的果实
80533814,好心分手
82846109,囚鸟
80183050,一个人走
83989364,年华里最美的都是错过
82401201,其实我并不快乐
79632898,亲爱的你在哪里
83655829,给昨天的自己
79632674,你好再见
78458786,胡广生
80467022,那些失眠的人们
78166833,有你的地方是天堂
72373724,失色
79496438,有情人难成眷属
82896050,游子泪花
84360057,我爱他
84033640,Mr.EnjoyDaMoney
83201551,hangshi
71716891,52hz
83418395,你耍不来
83756976,12
34779681,过山车31[Disc.1]
81797801,UFO
79223962,THELASTFIRSTKISS
81864856,废物（FREESTYLE）
83571935,OhMyBro
75797372,OnBothSides
78542963,YOUNGRICHFOREVER
82779250,HANDSOME
72041047,Nephewfreestyleremix
81070304,GlowedUp
79491981,Water(ft.DZknow)
34778718,过山车31[Disc.2]
74931828,Gemini
36141723,升级的过程Remix
82889597,BIGFACE
71775081,52hzremix
71750209,52hz(Remix)
78295647,药瑞的药
71739108,52Hz（BVLRemix）
72335725,假情歌
83459536,哈麻批的歌
71716417,52hz-Remix
74444587,打扰了
80855051,Teextrañé.(52hzRemix)
72983394,金牛座
79634961,我走后
74266060,即兴
78830857,眼里
75219397,即兴(说唱版)
74982969,自己
75770812,无需依靠
80984066,十六
79266382,眼里(520版)
2263059,十八般武艺
2263087,不能不爱…卢巧音精选
2263099,火力全开(新歌+精选)
2569273,唯一
35196513,亚洲通车
2263164,盖世英雄演唱会
510762,K情歌9
2263173,音乐进化论
512175,男女情歌对唱冠军全记录
511168,K情歌8
512853,用音乐加油！！手牵手大合唱
2263171,公转自转
2263142,不可能错过你
2263113,2008sonyericssonmusic-man世界巡回演唱会影音全纪
2786941,缘定一生情歌精选
34860030,JTW西游记(BLACK)
3170470,为你而声
3213252,力宏二十二十周年唯一精选
513168,和未来有约
2875065,热门华语223
2290032,2013年中央电视台春节联欢晚会
35052305,TheGreatWall(OriginalMotionPictureSoundtrack)
2263180,永远的第一天
75350006,成语接龙
74170868,食色性也
74063648,福无双至·终章
82039726,红色-山河版
84005966,Free-OutTapeVol.1
75185281,断桥记
78540566,777
80345509,从上到下
75025048,杀手修炼手册
71714478,中间人
71847906,某人
39751600,寻找我
36988010,WeDon'tNeedABreak
80193800,失去
83863567,把生活拍成电影
37358608,CaughtMyLove
78847293,一生悬命
74388170,rundatgame
37222477,怪圈
80691974,第二个酒吧
36505073,没头脑和不高兴
36757039,灬
38631487,罗生门
74842934,海之彼岸
78540366,1MINRAP|8MILExBEATSHARExICEPAPER
73151463,卧室2.0
79256820,LilGhost2.0
37831052,GOODNIGHT
82523759,偏爱
72053635,Unicorn
74266827,I.W.A.B.N
78321975,黑白
75836363,上
73982683,扑朔迷离(跑得快)
78271718,友情岁月(概念版)
36107049,新生代
73471716,中国音乐公告牌第三期
84019897,从M到W的高速公路
82297219,HeadInTheCloudsII
36037281,Papillon
38404010,Dawnofus
75173031,Red
36870061,OKAY
74632202,`Present:YOU`&MEEdition
81253435,MIRRORS
78375893,热爱就一起
78426111,Oxygen
38595246,X
39266103,Fendiman
38529085,VIBEPresentsUrbanAsiaVol1
75773598,"Good,Bad&Ugly"
73257170,Present:YOU
75815424,9801
71724134,BruceLee李小龙
2759684,FullMoon
37029169,MOOD
75547792,BIMMERRIDE
38374300,TIARA
80218513,Papillon(BOYTOYremix)[巴比龙(BOYTOY混音版)]
79759200,Diaspora
36037550,九州天空城
35695243,Generation2
79834543,Another(Feat.王嘉尔)
79294308,VIBEPresentsUrbanAsiaVol2
3377422,最新热歌慢摇115
74813614,Hello
79762917,Diaspora(Clean)
84331147,FADED(Live)
2732104,是时候…
19148,MyWay
511763,Love国语情歌集
19086,No.Eleven
19131,酷爱
19073,P.S.ILoveYou新歌+精选
2301081,PinkDahlia
19081,轩动心弦演唱会
19109,UrbanEmotions
19139,我的梦想我的路
19089,张敬轩Unplugged第一乐章音乐会
19136,春.夏.秋.冬
19103,903idClub张敬轩拉阔变奏厅Live
19134,笑忘书
511260,903idclub拉阔音乐会
19061,WhyNot
2975256,热门华语237
511624,环球音乐通(2009第二辑)
19113,酷爱张敬轩2008演唱会
511320,Uni-Power大合唱会
19066,港乐&张敬轩交响音乐会
38796333,福无双至·章节一
82892435,活死人2019Cypher
80361454,中国新说唱2019第五期
81262294,WokenDay
74440731,Mixatapevol.1
72369857,活死人2018Cypher
71723119,福无双至·章节二
83947580,WenYan
83599490,XIA.
81260331,中国新说唱2019第十二期
74964958,Mixtapevol.2
80869633,中国新说唱2019第九期
37553710,甜美的2018
80359623,Cheers！
36704082,Outro：啸江湖
78583428,海外东坡
35652916,世界末日Remix
82199949,《五马平川》（上）
73761926,夕阳西下
82804782,我和我的祖国
75826397,戴斯特你(Destiny)
75134451,丝绸
80623898,中国新说唱2019第七期
80855930,Counterattack
35199376,369“1st.Album”
36946024,淌过山间的人
80789647,异乡人Remix
80458214,NEWLEVEL
38475004,战斗(feat.福克斯&Viito)
83417939,MixtapeVol.4
73471599,生于未来
36456980,Part.2：Respect&Haters
36881054,追
81872070,HorseKingCypher2019
81182236,王炸
80754481,中国新说唱2019第八期
79969109,2019CypherOfYNC.
79498532,阳阳的弹唱第五弹
75541654,阳阳的弹唱第二弹
80257316,阳阳的弹唱第六弹
75138863,阳阳的弹唱第一弹
78925974,阳阳的弹唱第四弹
78455820,阳阳的弹唱第三弹
81769948,阳阳的弹唱第八弹
83051644,阳阳的弹唱第十弹
82248215,阳阳的弹唱第九弹
80884407,阳阳的弹唱第七弹
75542073,不如别相逢不如别相遇
81329145,圈住你
82784130,没有什么不同（完整版）
16967,每一刻都是崭新的
16975,时光.漫步
16954,在路上……
16970,珍藏许巍作品全集
16946,曾经的你
16941,爱如少年
16978,那一年
2270080,此时此刻
72384822,我的爱
2767230,热门华语205
80148481,许巍-2016三亚理想音乐节(Live)
16980,在别处
512530,礼物
21349,看我72变
37579061,2018年中央电视台春节联欢晚会
29597,有点野
25475,Promise
34559090,玻璃情缘(对唱篇)Vol.One
29585,爱回温新歌+精选
18909,Partners拍档
3017298,巨星金曲-合唱篇
28609,台北小巨蛋音乐会
3271338,热门华语278
3081217,夜店咖
18884,我们都爱这个伦！
28650,中国北京鸟巢夏季音乐会
79885567,CoCo李玟You&I经典全纪录
25460,1999-2008年豪华典藏精选
512879,2002国语冠军金选24首
25471,爱琴海(新歌+电音精选)
72790874,EveryoneIsNo.1
3066282,WonderfulWorld香港演唱会2007
38373585,练习
10900,经典重现
11105,来生缘
10945,爱你一万年99演唱会
10918,你是我的骄傲演唱会
6429,ListenToEasonChan
11157,情感的禁区
10874,幻影中国巡回演唱会Live
34422010,卢冠廷MasterpiecesSince1982
2698114,热门华语195
513390,金曲廿载情第二十届十大中文金曲
10966,反转红馆倒转地球96香港演唱会
11116,一起走过的日子
80047568,兄弟不怀疑
3397659,WarnerChineseNewYearCompilation-ABetterYear
2696008,热门华语138
6389,紫色的回忆
74149870,MyLove
3107027,2015年中央电视台春节联欢晚会
511764,北京2008年奥运会歌曲音乐选集
11061,暖暖柔情Vol.2
11147,回到你身边·法内情
79571214,夜半（完整版）
79019870,心安理得(完整版)
78938246,晚安（片段）
81642287,有幸
71767642,拾忆
74996605,原来
80345280,没有人心疼我
78464770,心安理得（DJ）
74822514,说谎cover
79990442,晚安
79108908,孤身
78615497,心安理得
83086179,爱在日出前
81298536,最后一页
80516827,离岸
83662892,走在冷风中
79028243,错的人
79091096,夜半
83418023,无关于你
81818070,嗜好
81179610,这一生关于你的风景
82148726,一个人想着一个人
78276749,有一种悲伤
36579160,靠近
72284690,戒烟
80436652,孤单心事（片段）
34809180,分手仍怀恋
80886718,分手的距离
81290632,该不该
83052580,你点亮的黑
80661641,最爱的那个人
79561039,最后没有你
74395402,不舍
37353012,我多喜欢你，你会知道
79948144,两面人
80100742,隔离区（片段）
34943218,怎么办心好痛
80889318,HeyKONG
83572223,没钥匙的锁
82201671,MYBOO
35571093,随口记
71847375,长沙HOOD
75017719,KEYtoL
81106864,中国新说唱2019第十一期
80359821,斗地主
74173877,天命之军
81143738,黄土高坡Trap
71895492,哥们Freestyle
37094995,宇宙摩天轮
80067973,中国新说唱2019第三期
35289072,HOLDMAHAND
37272338,半吊子
80629968,Hadouken！
37046317,逍遥FLOW
35513921,阿萨辛摇篮曲
80406210,斗地主之无影无踪
37587264,桃花结
71611785,沙漠之花(feat.Key.L)
37354535,同路人
75810869,CSC4REAL
75019219,泡泡范特西
36917689,港口
37745036,行运一条龙
38293282,绿林好汉
37862138,醒来
73861866,不知道DEMO
73471520,副司令
35444067,猎户星座
13889,生如夏花
13892,我去2000年
2390018,送别
35645284,NoFearInMyHeart
83739383,平原上的夏洛克电影原声大碟
36811043,猎户星座(实体专辑版)
13891,冲出你的窗口
78570428,她在睡梦中remix
35934902,乐人・Live：朴树“好好地II”巡回演唱会上海站(Live)
13886,Hey，我在
13887,RadioInMyHead
19324,潜流
38388038,朴树猎户星座·专场
37086208,BTV跨年冰雪盛典
19247,雨一直下
19250,月亮太阳
19221,男人的好新歌+精选
19271,用心良苦
2641211,一声所爱大地飞歌第十一期
19264,一言难尽
2786862,我是歌手第二季第3期
19259,整个八月
2786861,我是歌手第二季第2期
19215,心术
35369427,勇敢说再见
2786864,我是歌手第二季第5期
2786869,我是歌手第二季第10期
2774162,我是歌手第二季半决赛
19217,BackTo张宇
19257,温古知新一个人的天荒地老
34869694,假如我是罗大佑北京演唱会
19267,温故知心
19254,单恋
19233,大丈夫
19239,奇迹创世纪精选
17947,杨明煌制作精选一生的爱
2786868,我是歌手第二季第9期
513286,百代情歌竞技场男子组
19261,消息
23139,逛街
2785218,我是歌手第二季总决赛
2966451,神雕侠侣新加坡电视剧原声带
34702504,大鱼
79779961,亲爱的旅人啊《千与千寻》（Cover木村弓）
3106026,漂洋过海来看你
83882183,念念有词
83089755,愿得一心人
74266363,缘起
71719816,来不及勇敢
2955007,网易云音乐只听真声音（第三期）
35533998,一期一会《未闻花名》
3056857,卷珠帘
36726020,深的深
73468601,对不起
35623077,浓情淡如你
35908648,音乐网剧《少年有点酷》影视原声带
82990763,过尽千帆
75833741,倚天屠龙记电视剧影视原声大碟
3084411,LetItGo(九语男版)
3056858,匆匆那年
3056637,卡布翻唱集锦
35644789,不说话
38430101,无关
3392014,回味
34808070,临安初雨
80046369,为爱追寻
82493556,东游电影原声带
36636128,何处是天涯
75602739,2019年中央广播电视总台元宵晚会
74677730,书名号
82748829,云裳羽衣曲
3291275,玫瑰与小鹿
38984100,等着我
82295682,美食大冒险原声带
83518345,时光的旋律第二季
3073021,偶然
39792048,梦留别
72796241,神都夜行录
37927474,好运来
19348,Follow
2643453,8
19346,REMEMBRANCE
34428064,传闻
19350,Continue
3094458,小白
82263573,让爱高飞
3007957,KeepGoing
2992208,iTunesSession
29582,MyJanuary
3121327,WHITE
2449010,ImperfectLive2013Collection
71882311,背后女人
3397768,Roundabout
38373223,男人背后
35084388,有生一天
35139076,终于我们
35197121,近在千里
2767514,Rumors
3077271,日落日出
19352,Beginning
19344,本体分裂
2720159,同行
74827430,AllAboutLove关于爱Allterást
72351641,乌托邦
2285003,ImperfectCollection
3189173,相安无事
2866362,现在已夜深
34501455,不可能
73785653,老少平安
35622179,ONESTEPCLOSER微电影音乐专辑
2623050,GetWellSoon
80517416,把孤独当做晚餐
81517355,雅俗共赏
80924143,我走后
82247940,囚鸟
75145751,翻唱
80696865,无名之辈
83802695,那是爱
82398739,回到原点
83883009,喜欢你
35758263,不用去猜
37464169,奴隶
3115574,JHOODMixtape
74266126,喜新恋旧
37829038,硬地围炉夜2017网易云音乐原创盛典
37391092,覅忒好
36031309,AlmostHome
35755752,甜葡萄红眼睛
34761302,住你耳朵里
78568806,Whywehere
34935458,物女金
80067381,迷宫
36030405,你看得见
34760304,开门见山
2523168,yesday
34978616,TEAMWORK
34760306,无业游民
35588213,BigThingsStartSmall
3053454,改变
3139248,杂集
2523261,龙咆VOL.18
2523262,龙咆VOL.19
74395000,荆棘鸟
78536701,自己就是最美的风景
73609429,人走茶凉
75006688,可不可以
72813709,后来
75593802,不期而遇不辞而别
78925840,我是好人
79028606,但愿余生都是你
73691317,我睡觉的时候真的不困
79701683,最深处的秘密
75301017,修炼爱情的心酸
75188086,谁的青春不迷茫
78409684,遗憾是常有吧
74963918,爱你我不会走心
75149639,一切清零爱很随意
73827402,八年的爱
73982585,丢了笑容赔了青春
74133310,云烟成雨
78741820,天亮以后说再见
74275620,明天你好
74843514,失去才懂
75183701,当这座城市没有你
73812322,土味情话
82767327,这一生关于你的风景(DJ咚鼓版)（cover：隔壁老樊）
73981995,那些值得冒险的梦
80983497,把爱留给全世界
78274304,努力拼搏只为你
80099782,君老头睡眠系列
73611867,墨雨笙
74996248,清明上河图
73927245,随意而安不猜人心
73587381,违背的青春
75765752,只赌天意不猜人心
78484660,假如我年少有为不自卑
78296573,我曾把完整的镜子打碎
73862439,怎么变成一个人去巴黎了
79633914,等待下一个她
75872355,韩安夏日凉
75790168,醉过才知酒浓
82433515,爱江山更爱美人
75009823,翻唱
83740718,忽然之间
79923345,再见了
81821617,爱江山更爱美人
78533027,我愿
83012171,情难枕
79724517,河滨路
75008467,忽然之间
81301728,京途
82237024,小孩
81950062,浮世间
82799793,世界美好与你环环相扣
81379935,我要的（完整版）
81026447,风度
81187103,吕口口的翻唱合集
80901277,我要的
81758963,该不该
80783164,攀登
84037789,梦中
82922055,仲夏暖风
78198891,吕口口翻唱
79488981,流着泪说分手
80278731,木偶人
84242285,什么都不算
38385235,可不可以
75436730,地铁等待
78375581,称谓
83327702,嗨唱转起来第5期
74417301,星期天
72195568,体温
35458196,小宇
82523779,第三人称
73973758,狂妄
73688046,太久？
83235388,一人份晚餐
72799893,鱼仔.
36141673,我想
81181157,皮囊
38385963,誰CompleteVer.
35549275,多恼河
78459714,烛火.
35825991,夏夜晚风
37933418,小半偶像练习生
78458333,帕西诺的独白
39688333,心里的人儿
37862061,对爱渴望
81982525,夏末的歌
74960075,给你的糖.
74441344,It'sBeenSoLong
75658562,너없이안돼
35926274,不是那么想录的消愁
11279,经典金曲
11312,雨中街头剧
11307,红日
34569090,我是歌手第四季第10期
21957,听我唱歌TheAudienceIsListening
11158,爱不释手李克勤新城唱好音乐大派对
34478239,我是歌手第四季第5期
11329,PurpleDream
3172111,李克勤我克勤
513929,宝丽金超白金精选
34469022,我是歌手第四季第3期
10999,罪人
11133,左麟右李演唱会2003
11174,Let'sCelebrate
3433455,JoeyYungXHackenLeeConcert2015
11035,No.1Hits
2866071,无朋友
11184,飞花
34497112,我是歌手第四季第6期
511122,环球/宝丽金40周年经典101
34524032,我是歌手第四季第7期
2662097,纸牌屋
489904,剧力万钧高收视主题曲精选
11005,Threesome
11114,CustomMade
11178,情情塔塔演唱会
82897687,嗨唱转起来第3期
11346,夏日之神话
11181,大乐队
34527400,我是歌手第四季第8期
11076,903Id压轴拉阔音乐会
34589180,我是歌手第四季第11期
3116882,浓烟下的诗歌电台
35235270,一如年少模样
78613690,三旬
35157147,别送我
36913063,鱼书
36636207,遇见相似的灵魂
74269148,我们的四十年电视原声带
81508592,众乐纪伍·打包天真
81731294,偶然的事
37889108,与荒野
34686055,民谣地图·拾众而歌
74750772,众乐纪肆·光怪陆离
36451350,音乐好朋友第一季
36026776,山下的荣耀
35391071,众乐纪叁·众声起舞
74752830,众乐纪肆·光怪陆离
73681733,中国新说唱第13期
13933,高手
13935,WUHA
81456326,爱你3000(feat.黄旭&肖恩恩)
79790662,中国新说唱2019第一期
83770359,别认怂
72143757,Moonlight
71724250,中国新说唱第1期
72071868,中国新说唱第4期
13900,24个比利
72797621,中国新说唱第8期
13939,我的麦克风
13943,壁虎漫步
35919171,illi异类
2261167,2011HitFm年度百首单曲
38005721,情感中文REMIX丶
489883,天堂来的孩子电视原声带
80497115,中国新说唱2019第六期
2865146,王者丑生
511968,我们的主打歌2
35080015,漫动作
38837,爱上巧克力电视原声带
35178494,卧龙与酒
75656450,卧龙2019
38139033,带你回我家
37599712,带你回我家
35178847,Younglife2017MICPASS
79687152,Cover2
80471189,Cover4
79975609,Cover3
81185778,Cover5
78543606,Cover1
82201825,Cover6
36704209,Cover0
82886783,收信快乐（话剧同名曲）
83222803,Cover7
34808177,爱，教会我们的事
75023652,终于了解自由
36948120,如果雨之后
2927024,以后别做朋友
34784184,我爱过你
3087107,学着爱
81882786,一样美丽
81077064,SomethingaboutLA
35113135,爱在身边
3056995,爱在圣诞
39460029,“如果雨之后”北京首唱会Live专辑
84391762,摩天动物园
84243197,终于了解自由(Deluxe)
38594296,往后余生
39591023,醒着醉
78790847,事关孤独
74937696,平凡的你我
73467858,往后余生
38382518,往后余生DEMO
75020082,这个大叔不太冷
81324826,往后余生
74672710,醒着醉（新编版）
73472701,回首仍是少年
81160270,各生欢喜
72073311,北岸
37965787,红山小记
74937378,不甘
79441927,莫醉
78251277,上学嗨mixtape
72067319,Endoftheworld
83658665,无法坠入爱河
35269751,亲密爱人2017
73696393,凛冬将至(WinterIsComing)
35021549,东海岸
82976547,悲伤的大象
81177594,四面楚歌
71852210,中国新说唱第3期
73167509,荆棘
35359276,街躁日StreetNoise
36519414,Deargod(remix)
83103595,STRIKE
36952134,独行侠
78784320,NoTag
37695343,如果死亡将要来临
80464111,HateMyself
35184228,PresentFascism|PISSY&MCPharaoh
78425471,人小鬼大
37437876,respect
37437996,日字冲拳（freestyle）
82695474,天时PART.I.人
37630230,未读消息
34893267,我想（阿八个人作品）
75891244,加冕
74268387,离开我你快乐吗
81767878,你应该很快乐
38649454,不仅仅是喜欢
82924607,你怎么舍得我难过
72385673,尘土
78742725,原来
39082533,你就不要想起我
78377571,离开我你快乐吗(DJ版)
75285473,阿果吉曲
35183226,漂洋过海来看你
75449426,即使知道
79832362,没有答案的答案
79928964,缘分易碎
71857184,谁在怀念
75773172,刺青
74417067,归来吧再见了
74100177,思念你
78936958,默读
71738938,你就不要想起我
82894730,没勇气
78214525,兄弟兄弟
35956482,青春（Cover金弼/金昌完）
72382639,我的小时候
35311547,Mr.Tiger
35565870,七色天空
75305291,他们
35788522,时光-TIME
73468040,小宝
35182684,光
3070415,热门华语251
38534323,YourLoveIsLikeaRiver（CoverThirdDay）
38104822,苦路（CoverSandiPatti）
35437227,一番綺麗な私を（Cover中岛美嘉）
82354378,孤芳自赏
81190867,BeYourSun
81883365,祝你前程似锦
82354404,花店不开了花继续开
77421966,新旭大人
79834575,触手可及的思恋
83338860,JumpSweet
79422059,满眼都是你
81703070,百因必有果你的报应就是我
82820485,喜欢一个人没错啊
81680100,你还好吗
78216699,何为嗨神
78518557,我的意中人
72193223,摇就对了
72193222,极速X8
83039750,ClubRemix
18881,再见
18878,OK
35120848,天兵
18897,秘密基地
18899,这个下午很无聊
72796790,再见Hip-Hop
13352,贫民百万歌星
18885,滚石香港黄金十年张震岳精选
82461452,远走高飞
2918090,FreshGame
18883,阿岳正传
37873032,爱曲初体验
18874,无名(写给杨乃文的歌)
35440852,思念是一种病(尤克里里版)
22700,GeminiGirl
18887,等我有一天
2498002,我是海雅谷慕
18871,我想要的感觉
2261046,妙手空空
2759198,SuperDuperFly
35009,如果未来
72706795,爱就别走
83990223,我要找到你
75007229,隔壁班的猪
81075096,山楂树之恋男声吉他弹唱
83044124,有人
73587063,夜空浩瀚不如你眼中星光(Demo)
81546160,太阳【吉他弹唱】
73586214,【可不可以】吉他合唱版
37801799,放下
38008883,小狼狗的小翻唱
79091011,勾指起誓【弹唱版】
38639961,化身孤岛的鲸
79990101,小女子
39445316,年年
72284725,越来越不懂
39618647,姑娘【原创】
74592393,【天官赐福】去人间·记双玄花怜
39684652,你和我【Zic/demo】
38520355,子晨小哥哥的烤面筋
71637465,过期不候
82266485,演.说.家
37965179,Feel&Sight
72603642,中国新说唱第7期
72794867,中国新说唱第9期
74732964,奇妙她
79891095,月儿圆
73468125,三思而后行
73471009,中国新说唱第12期
72070306,中国新说唱第5期
73471726,中国新说唱第11期
72302926,中国新说唱第6期
71852934,中国新说唱第2期
72795961,PUMA
35072858,闪火mixtape
35435152,MaskOffRemix(freestyle)
79193197,666
82239354,CrowdedZone
82901880,戒骄戒躁(KAII&王晓夫Remix)
73475943,DreamGirl
34791581,十三亿分贝第六期
37554103,结不完
80438626,Lords没在怕
35072623,Skrr(SKRTRemix)
80758167,还有我
80218634,杨花落尽子规啼
75741403,天净沙秋思
83666003,如果我有一个女朋友
75789724,胡广生
37193059,G2er
37869047,徐梦圆同名专辑
3431123,Change
3283211,3D-E
35269645,胭脂妆
3459167,Alone
37441154,妖妖灵
35132757,PDD
3298040,E
72607640,China-E
34793590,China-Pipa
34612191,China-A
34848074,Water
34937150,China-Rain
35289468,China-O
38472372,China-C
3298101,曾经的纯音乐
35162692,TheChinesezither
74822531,China-L
35013248,在你身边
34725228,愿世界对你温柔相待
34743631,大鱼（徐梦圆Remix）
35908449,张大仙你是妖怪吧
79591512,China-G
35834069,China-U
3299186,JUMP
3431232,SilentNight
34615321,CHINA（徐梦圆OriginalMix）
83848995,恋爱海滩
71611758,Five
34812301,Slip
71774770,雨
34762410,China-Dance
36107146,PiercingLight(徐梦圆Remix)
37439172,鹿鸣
34595065,Blue
83510073,你
81852953,PostMalone(feat.RANI)[徐梦圆冯提莫合作版]
3447385,月圆，笙起（Ins）
80606586,未来
74826488,光年之外(热爱版)
83826760,AIRPLAN
75831318,JELLO/REAL
83539333,我没那么游刃有余
74794477,AIR·艾热
74267322,BadHabit
74268107,唯一的港湾
38109716,我到新疆去
79314123,兄弟
74269023,2018丛林电音主题曲专辑
38594221,外婆
73471112,黃金
74992173,永不独行
74171678,真的
79489350,法，老牛13
79486527,WELOVETHISGAME(为爱加冕)
36233789,AMAZINGGIRL
79659632,父与子
81323273,悟空说
37353862,Blurout
35394576,TBDJ
39563230,好几年
35879,MYSTAGE我的舞台
12779,隔壁家的孩子EP
2537001,刘哈哈与大先生
79515052,班长殿下网剧原声带
2693159,热门华语135
2646051,小新
74186067,小确幸
12776,情人节
79918441,心大
79161348,人生不可圆满
35695584,有回忆的人
38601583,纸短情长
74134255,老街
12780,刘心原创作品Demo集
35544228,疯狂而倔强的你
80421115,还是可以
34930050,圣诞节
2878031,热门华语224
2915256,屌丝情歌
81411373,你是我的答案电视剧原声带
38083994,剪云者/小瓶子
36875210,单身狗之歌
37391674,有里也有面儿
2897215,热门华语229
79589980,无尽的夜
35347270,辛德瑞拉
82745944,情难枕
