end_id,music,start_id,artist,relation
1346104327,多想在平庸的生活拥抱你,12429072,隔壁老樊,演唱
1383927243,这一生关于你的风景,12429072,隔壁老樊,演唱
1405319676,我的姑娘她在远方,12429072,隔壁老樊,演唱
1336856777,我曾,12429072,隔壁老樊,演唱
1365221826,四块五,12429072,隔壁老樊,演唱
1356499052,你的姑娘,12429072,隔壁老樊,演唱
1346093140,关于孤独我想说的话,12429072,隔壁老樊,演唱
1331997081,山海（Cover：草东没有派对）,12429072,隔壁老樊,演唱
1373236574,得不到你,12429072,隔壁老樊,演唱
1325484613,姬和不如,12429072,隔壁老樊,演唱
1392971370,失乐,12429072,隔壁老樊,演唱
1309130038,幻听（Cover：许嵩）,12429072,隔壁老樊,演唱
1400050991,初秋和你,12429072,隔壁老樊,演唱
1334327077,世本常态,12429072,隔壁老樊,演唱
1301212183,醒着醉（Cover：马良）,12429072,隔壁老樊,演唱
1346472029,不找了（Cover：郭旭）,12429072,隔壁老樊,演唱
511124094,男孩（Cover梁博）,12429072,隔壁老樊,演唱
1361195373,游,12429072,隔壁老樊,演唱
554095819,姬和不如demo,12429072,隔壁老樊,演唱
546372110,四块五的妞demo,12429072,隔壁老樊,演唱
1390025989,敬长安,12429072,隔壁老樊,演唱
1317529766,关于孤独我想说的话Demo,12429072,隔壁老樊,演唱
1379445889,如谁所愿,12429072,隔壁老樊,演唱
1296590092,魔鬼中的天使（Cover田馥甄）,12429072,隔壁老樊,演唱
1327196794,多想在平庸的生活拥抱你demo,12429072,隔壁老樊,演唱
549059804,我曾demo,12429072,隔壁老樊,演唱
1394169337,我和我的祖国,12429072,隔壁老樊,演唱
1322081384,世本常态demo,12429072,隔壁老樊,演唱
568741706,隔壁老樊-天分（隔壁老樊remix）,12429072,隔壁老樊,演唱
1391441275,过命的弟兄,12429072,隔壁老樊,演唱
479107928,你是姑娘不是我的新娘,12429072,隔壁老樊,演唱
1327199767,我曾Demo,12429072,隔壁老樊,演唱
1359376992,雪暴,12429072,隔壁老樊,演唱
560395415,如谁所愿demo,12429072,隔壁老樊,演唱
1345693402,多想在平庸的生活拥抱你（伴奏）,12429072,隔壁老樊,演唱
1336856778,我曾（伴奏）,12429072,隔壁老樊,演唱
1383925726,这一生关于你的风景（伴奏）,12429072,隔壁老樊,演唱
1405318715,我的姑娘她在远方（伴奏）,12429072,隔壁老樊,演唱
1365225156,四块五（伴奏）,12429072,隔壁老樊,演唱
1356499057,你的姑娘（伴奏）,12429072,隔壁老樊,演唱
1400050990,初秋和你（伴奏）,12429072,隔壁老樊,演唱
1346104135,关于孤独我想说的话（伴奏）,12429072,隔壁老樊,演唱
1325484614,姬和不如(伴奏),12429072,隔壁老樊,演唱
1394169342,我和我的祖国(伴奏),12429072,隔壁老樊,演唱
1361195410,游-伴奏,12429072,隔壁老樊,演唱
1334297075,世本常态（伴奏）,12429072,隔壁老樊,演唱
1373246101,得不到你（伴奏）,12429072,隔壁老樊,演唱
1359382346,雪暴-伴奏,12429072,隔壁老樊,演唱
1392970602,失乐（伴奏）,12429072,隔壁老樊,演唱
1379458217,如谁所愿（伴奏）,12429072,隔壁老樊,演唱
1374056689,陪你去流浪,5781,薛之谦,演唱
417859631,我好像在哪见过你,5781,薛之谦,演唱
27890306,意外,5781,薛之谦,演唱
1374051000,木偶人,5781,薛之谦,演唱
32507038,演员,5781,薛之谦,演唱
1374056687,病态,5781,薛之谦,演唱
1374061038,笑场,5781,薛之谦,演唱
27955653,你还要我怎样,5781,薛之谦,演唱
1334647784,天份,5781,薛之谦,演唱
471385043,暧昧,5781,薛之谦,演唱
32192436,绅士,5781,薛之谦,演唱
415792881,刚刚好,5781,薛之谦,演唱
27955654,其实,5781,薛之谦,演唱
468517654,动物世界,5781,薛之谦,演唱
169185,认真的雪,5781,薛之谦,演唱
516657051,像风一样,5781,薛之谦,演唱
1374061028,慢半拍,5781,薛之谦,演唱
557583281,哑巴,5781,薛之谦,演唱
1374061036,这么久没见,5781,薛之谦,演唱
574921549,怪咖,5781,薛之谦,演唱
27955658,方圆几里,5781,薛之谦,演唱
27808044,丑八怪,5781,薛之谦,演唱
1374056688,尘,5781,薛之谦,演唱
35528482,一半,5781,薛之谦,演唱
1294910785,最好,5781,薛之谦,演唱
32507039,下雨了,5781,薛之谦,演唱
557581967,肆无忌惮,5781,薛之谦,演唱
515803379,别,5781,薛之谦,演唱
571340283,那是你离开了北京的生活,5781,薛之谦,演唱
474567044,我害怕,5781,薛之谦,演唱
27955652,等我回家,5781,薛之谦,演唱
466122271,高尚,5781,薛之谦,演唱
525241230,狐狸,5781,薛之谦,演唱
27955656,有没有,5781,薛之谦,演唱
412902689,初学者,5781,薛之谦,演唱
553543014,摩天大楼,5781,薛之谦,演唱
169137,我知道你都知道,5781,薛之谦,演唱
518894283,骆驼,5781,薛之谦,演唱
33071053,为了遇见你,5781,薛之谦,演唱
429450375,来日方长,7890,黄龄,演唱
169140,几个你,5781,薛之谦,演唱
520458481,背过手,5781,薛之谦,演唱
443277013,火星人来过,5781,薛之谦,演唱
421160838,花儿和少年,5781,薛之谦,演唱
517571371,渡,5781,薛之谦,演唱
35288183,小孩,5781,薛之谦,演唱
169152,未完成的歌,5781,薛之谦,演唱
418603445,重返十七岁(新版),1038093,鹿晗,演唱
27955655,我想起你了,5781,薛之谦,演唱
27955651,潮流季,5781,薛之谦,演唱
1407551413,麻雀,4292,李荣浩,演唱
1293886117,年少有为,4292,李荣浩,演唱
133998,老街,4292,李荣浩,演唱
518686034,戒烟,4292,李荣浩,演唱
31654343,不将就,4292,李荣浩,演唱
407450223,爸爸妈妈,4292,李荣浩,演唱
1318235595,耳朵,4292,李荣浩,演唱
29710981,喜剧之王,4292,李荣浩,演唱
31134193,出卖,4292,李荣浩,演唱
27678655,李白,4292,李荣浩,演唱
27731176,模特,4292,李荣浩,演唱
29764562,作曲家,4292,李荣浩,演唱
428375722,不说,4292,李荣浩,演唱
1318234987,贝贝,4292,李荣浩,演唱
1308818966,王牌冤家(Live),13145283,ICE,演唱
29764563,不搭,4292,李荣浩,演唱
506092654,我看着你的时候,4292,李荣浩,演唱
31877243,笑忘书(Live),4292,李荣浩,演唱
27731174,老伴,4292,李荣浩,演唱
31134170,小芳,4292,李荣浩,演唱
511920347,祝你幸福,4292,李荣浩,演唱
31134197,边走边唱,4292,李荣浩,演唱
570334069,成长之重量,4292,李荣浩,演唱
502242110,歌谣,4292,李荣浩,演唱
27731177,太坦白,4292,李荣浩,演唱
407450218,有理想,4292,李荣浩,演唱
1305547844,贫穷或富有,4292,李荣浩,演唱
29764561,落俗,4292,李荣浩,演唱
27731172,都一样,4292,李荣浩,演唱
29764564,自拍,4292,李荣浩,演唱
486323960,就这样,4292,李荣浩,演唱
862130427,念念又不忘,4292,李荣浩,演唱
407459148,流行歌曲,4292,李荣浩,演唱
1309866644,张家明和婉君,4292,李荣浩,演唱
29764565,哎呀,4292,李荣浩,演唱
407459147,女孩,4292,李荣浩,演唱
1318234982,我知道是你,4292,李荣浩,演唱
400074326,满座,4292,李荣浩,演唱
27731179,有一个姑娘,4292,李荣浩,演唱
479223381,嗯,4292,李荣浩,演唱
515143802,后羿,4292,李荣浩,演唱
407459145,优点,4292,李荣浩,演唱
493631465,裙姊,4292,李荣浩,演唱
519250024,少年,4292,李荣浩,演唱
1318234981,乐团,4292,李荣浩,演唱
27731175,两个人,4292,李荣浩,演唱
134000,小黄,4292,李荣浩,演唱
29764568,天生,4292,李荣浩,演唱
31134194,如果有一天,4292,李荣浩,演唱
27731171,拜拜,4292,李荣浩,演唱
1404885266,下山,33435854,要不要买菜,演唱
1398508295,多情种（Cover：胡杨林）,33435854,要不要买菜,演唱
1406648156,卑微小调,33435854,要不要买菜,演唱
1398717698,好男人都死哪去了（Cover：崔子格）,33435854,要不要买菜,演唱
1406119516,琴师（Cover：音频怪物）,33435854,要不要买菜,演唱
1403783133,画心(男生版)(cover：张靓颖),33435854,要不要买菜,演唱
1404884943,卑微小调demo,33435854,要不要买菜,演唱
1409133922,常乐,33435854,要不要买菜,演唱
1406049028,多情种（母带版）,33435854,要不要买菜,演唱
1404887117,下山(伴奏),33435854,要不要买菜,演唱
1410449891,常乐(伴奏),33435854,要不要买菜,演唱
1410794851,慕夏,33435854,要不要买菜,演唱
1410797094,慕夏（伴奏）,33435854,要不要买菜,演唱
25727803,修炼爱情,3684,林俊杰,演唱
29814898,可惜没如果,3684,林俊杰,演唱
108138,那些你很冒险的梦,3684,林俊杰,演唱
108242,她说,3684,林俊杰,演唱
108493,我还想她,3684,林俊杰,演唱
108914,江南,3684,林俊杰,演唱
108478,醉赤壁,3684,林俊杰,演唱
108418,背对背拥抱,3684,林俊杰,演唱
108251,当你,3684,林俊杰,演唱
108245,爱笑的眼睛,3684,林俊杰,演唱
108485,AlwaysOnline,3684,林俊杰,演唱
29848657,手心的蔷薇,7763,G.E.M.邓紫棋,演唱
108468,小酒窝,7227,蔡卓妍,演唱
108931,美人鱼,3684,林俊杰,演唱
1391477429,将故事写成我们,3684,林俊杰,演唱
108795,曹操,3684,林俊杰,演唱
108269,记得,3684,林俊杰,演唱
108886,一千年以后,3684,林俊杰,演唱
108134,学不会,3684,林俊杰,演唱
25794009,裂缝中的阳光,3684,林俊杰,演唱
29850685,生生,3684,林俊杰,演唱
108503,期待爱,8259,金莎,演唱
409060875,不为谁而作的歌(Live),3684,林俊杰,演唱
108463,不潮不用花钱,3684,林俊杰,演唱
247579,被风吹过的夏天,8259,金莎,演唱
108543,杀手,3684,林俊杰,演唱
1369998604,我们很好,3684,林俊杰,演唱
108910,豆浆油条,3684,林俊杰,演唱
25729074,因你而在,3684,林俊杰,演唱
108406,加油！,3684,林俊杰,演唱
108263,心墙,3684,林俊杰,演唱
25794008,黑暗骑士,13193,五月天,演唱
108248,只对你有感觉,3684,林俊杰,演唱
108254,一眼万年,3684,林俊杰,演唱
108428,爱不会绝迹,3684,林俊杰,演唱
40147554,关键词,3684,林俊杰,演唱
108265,我很想爱他,3684,林俊杰,演唱
108473,黑武士,3684,林俊杰,演唱
108858,编号89757,3684,林俊杰,演唱
108965,冻结,3684,林俊杰,演唱
108401,第几个一百天,3684,林俊杰,演唱
108136,故事细腻,3684,林俊杰,演唱
29850683,浪漫血液,3684,林俊杰,演唱
108260,握不住的他,3684,林俊杰,演唱
108806,原来,3684,林俊杰,演唱
34040694,期待你的爱,3684,林俊杰,演唱
25794013,以后要做的事,3684,林俊杰,演唱
108267,一生的爱,3684,林俊杰,演唱
108576,发现爱,8259,金莎,演唱
417833348,超越无限,3684,林俊杰,演唱
65766,富士山下,2116,陈奕迅,演唱
551816010,我们,2116,陈奕迅,演唱
65538,好久不见,2116,陈奕迅,演唱
65528,淘汰,2116,陈奕迅,演唱
65533,红玫瑰,2116,陈奕迅,演唱
28563317,阴天快乐,2116,陈奕迅,演唱
65800,最佳损友,2116,陈奕迅,演唱
65536,爱情转移,2116,陈奕迅,演唱
66282,浮夸,2116,陈奕迅,演唱
28481103,你给我听好,2116,陈奕迅,演唱
64634,一丝不挂,2116,陈奕迅,演唱
64093,孤独患者,2116,陈奕迅,演唱
28481818,可以了,2116,陈奕迅,演唱
64561,单车(Live),2116,陈奕迅,演唱
65923,人来人往(Live),2116,陈奕迅,演唱
65919,K歌之王(Live),2116,陈奕迅,演唱
64293,苦瓜,2116,陈奕迅,演唱
31877628,十年(Live),2116,陈奕迅,演唱
65761,白玫瑰,2116,陈奕迅,演唱
27867449,倾城,2116,陈奕迅,演唱
64317,因为爱情,9621,王菲,演唱
66285,葡萄成熟时,2116,陈奕迅,演唱
64443,约定(Live),2116,陈奕迅,演唱
64126,内疚,2116,陈奕迅,演唱
64922,落花流水,2116,陈奕迅,演唱
64048,完,2116,陈奕迅,演唱
64797,于心有愧,2116,陈奕迅,演唱
25638273,梦想天空分外蓝,2116,陈奕迅,演唱
65769,不如不见,2116,陈奕迅,演唱
65904,十面埋伏(Live),2116,陈奕迅,演唱
186331,最冷一天,2116,陈奕迅,演唱
67572,婚礼的祝福,2116,陈奕迅,演唱
64833,沙龙,2116,陈奕迅,演唱
27483204,斯德哥尔摩情人,2116,陈奕迅,演唱
64638,陀飞轮,2116,陈奕迅,演唱
65312,明年今日(2007Live),2116,陈奕迅,演唱
1376091684,相信你的人,2116,陈奕迅,演唱
27483203,失忆蝴蝶,2116,陈奕迅,演唱
64625,无人之境,2116,陈奕迅,演唱
34509411,无条件(Live),2116,陈奕迅,演唱
66272,夕阳无限好,2116,陈奕迅,演唱
65758,裙下之臣,2116,陈奕迅,演唱
65855,ShallWeTalk(Live),2116,陈奕迅,演唱
437802725,四季,2116,陈奕迅,演唱
64566,等(Live),2116,陈奕迅,演唱
66265,阿牛,2116,陈奕迅,演唱
5251209,承诺(香港版),3956,罗家英,演唱
238934,乐园,2116,陈奕迅,演唱
36539010,SleepAlone,2116,陈奕迅,演唱
1400256289,你的答案,30116848,阿冗,演唱
1343756008,太多,30116848,阿冗,演唱
1339315554,太多（Cover：陈冠蒲）,30116848,阿冗,演唱
1362009196,胸大的姑娘（Cover：留声玩具）,30116848,阿冗,演唱
1400258140,你的答案(伴奏),30116848,阿冗,演唱
1397856100,二十四（demo）,30116848,阿冗,演唱
1346865680,太多（伴奏）,30116848,阿冗,演唱
1363948882,世间美好与你环环相扣,31876221,柏松,演唱
1374527538,芳华,31876221,柏松,演唱
1375691055,最是人间无趣,31876221,柏松,演唱
1364961867,一场泪热,31876221,柏松,演唱
1366063096,世间美好与你环环相扣（伴奏）,31876221,柏松,演唱
1357652536,夺走我爱情的刺客,31876221,柏松,演唱
1363287361,月下的誓言,31876221,柏松,演唱
1358178054,狼性,31876221,柏松,演唱
1359356908,晚安,31376161,颜人中,演唱
1391891631,嗜好,31376161,颜人中,演唱
1369601580,祝你爱我到天荒地老,1038099,VaVa毛衍七,演唱
1344814341,有可能的夜晚,31376161,颜人中,演唱
1406648887,一种原谅,31376161,颜人中,演唱
1361988914,孤单心事,31376161,颜人中,演唱
1406648891,假装没变过,31376161,颜人中,演唱
1398283847,我只能离开,31376161,颜人中,演唱
1353443885,胆小鬼,31376161,颜人中,演唱
1377544581,追风,31376161,颜人中,演唱
1381794108,好喜欢你,31376161,颜人中,演唱
1396023850,很需要,31376161,颜人中,演唱
1406648893,一个人,31376161,颜人中,演唱
1406649619,有些,31376161,颜人中,演唱
1393166863,不难,31376161,颜人中,演唱
1399104439,靠近,31376161,颜人中,演唱
1406648894,偷走你的心,31376161,颜人中,演唱
1362032618,孤单心事(伴奏),31376161,颜人中,演唱
1398278738,家国天下,31376161,颜人中,演唱
1388608524,晚安(Live),31376161,颜人中,演唱
1359553820,晚安(伴奏),31376161,颜人中,演唱
1391894155,嗜好（伴奏）,31376161,颜人中,演唱
1369601757,祝你爱我到天荒地老（伴奏）,1038099,VaVa毛衍七,演唱
1353444843,胆小鬼(伴奏),31376161,颜人中,演唱
1381791386,好喜欢你(伴奏),31376161,颜人中,演唱
1399103654,靠近(伴奏),31376161,颜人中,演唱
1377551080,追风（伴奏）,31376161,颜人中,演唱
1396026218,很需要(伴奏),31376161,颜人中,演唱
1393168540,不难(伴奏),31376161,颜人中,演唱
1398279831,家国天下（伴奏）,31376161,颜人中,演唱
1412013401,你和我和猫,31376161,颜人中,演唱
1412013415,你和我和猫（伴奏）,31376161,颜人中,演唱
569213220,像我这样的人,12138269,毛不易,演唱
1407214788,二零三,12138269,毛不易,演唱
569200213,消愁,12138269,毛不易,演唱
569214250,借,12138269,毛不易,演唱
536099160,不染,12138269,毛不易,演唱
1408763442,水乡,12138269,毛不易,演唱
569200210,给你给我,12138269,毛不易,演唱
569214247,平凡的一天,12138269,毛不易,演唱
525278524,无问,12138269,毛不易,演唱
569200212,一荤一素,12138269,毛不易,演唱
569212211,盛夏,12138269,毛不易,演唱
569214252,如果有一天我变得很有钱,12138269,毛不易,演唱
1383923446,17,12138269,毛不易,演唱
569212210,想你想你,12138269,毛不易,演唱
524913480,感觉自己是巨星,12138269,毛不易,演唱
569214249,南一道街,12138269,毛不易,演唱
569200211,哎哟,12138269,毛不易,演唱
518088247,项羽虞姬,12138269,毛不易,演唱
569214251,芬芳一生,12138269,毛不易,演唱
1313052960,从无到有,12138269,毛不易,演唱
1332489493,不染,12138269,毛不易,演唱
862098671,意料之中,12622588,钟易轩,演唱
1325897605,那时的我们,12138269,毛不易,演唱
519250015,请记住我,12138269,毛不易,演唱
1306496991,一江水,12138269,毛不易,演唱
1332490992,在无风时,12138269,毛不易,演唱
534540578,如果有一天我变得很有钱(必胜客新春版),13022016,廖俊涛,演唱
1311345364,一江水,12138269,毛不易,演唱
523946593,RememberMe(MaoBuYiVersion),12138269,毛不易,演唱
569200214,BonusTrack：一荤一素(Demo版),12138269,毛不易,演唱
569212213,BonusTrack：给你给我(Demo版),12138269,毛不易,演唱
536624313,不染(伴奏),12138269,毛不易,演唱
1323303966,平凡的一天(Live),12138269,毛不易,演唱
569213224,消愁(伴奏),12138269,毛不易,演唱
569212215,像我这样的人(伴奏),12138269,毛不易,演唱
1313102150,一江水,12138269,毛不易,演唱
1332489594,一江水,12138269,毛不易,演唱
569213221,平凡的一天(伴奏),12138269,毛不易,演唱
569212214,一荤一素(伴奏),12138269,毛不易,演唱
569200215,借(伴奏),12138269,毛不易,演唱
1383927169,17(伴奏),12138269,毛不易,演唱
525278525,无问(伴奏),12138269,毛不易,演唱
569200216,盛夏(伴奏),12138269,毛不易,演唱
569200217,如果有一天我变得很有钱(伴奏),12138269,毛不易,演唱
569214253,给你给我(伴奏),12138269,毛不易,演唱
862099689,意料之中(伴奏),12622588,钟易轩,演唱
569214254,南一道街(伴奏),12138269,毛不易,演唱
569213222,哎哟(伴奏),12138269,毛不易,演唱
569213225,芬芳一生(伴奏),12138269,毛不易,演唱
569213223,想你想你(伴奏),12138269,毛不易,演唱
1407358755,好想爱这个世界啊,861777,华晨宇,演唱
29004400,烟火里的尘埃,861777,华晨宇,演唱
32835565,国王与乞丐,6066,杨宗纬,演唱
1399533630,与火星的孩子对话,861777,华晨宇,演唱
32619105,我管你,861777,华晨宇,演唱
33190545,异类,861777,华晨宇,演唱
481859794,齐天,861777,华晨宇,演唱
420125810,HereWeAre,861777,华晨宇,演唱
507364050,无聊人,861777,华晨宇,演唱
1305366556,寒鸦少年,861777,华晨宇,演唱
432698831,我离孤单几公里,861777,华晨宇,演唱
472137749,寻,861777,华晨宇,演唱
509135782,智商二五零,861777,华晨宇,演唱
426291338,ForForever,861777,华晨宇,演唱
34228112,蜉蝣,861777,华晨宇,演唱
29418037,微光,861777,华晨宇,演唱
34964198,地球之盐,861777,华晨宇,演唱
29418045,枕边故事,861777,华晨宇,演唱
440411226,我的滑板鞋2016(录音室版),861777,华晨宇,演唱
29418042,我们都是孤独的,861777,华晨宇,演唱
432698825,消失的昨天,861777,华晨宇,演唱
29357467,卡西莫多的礼物,861777,华晨宇,演唱
419250437,造物者,861777,华晨宇,演唱
417833854,巨鹿,861777,华晨宇,演唱
422463501,ToBeFree,861777,华晨宇,演唱
434981389,世界是个动物园,861777,华晨宇,演唱
434981391,写给未来的孩子,861777,华晨宇,演唱
28160015,趁你还年轻,861777,华晨宇,演唱
29418040,拆弹专家,861777,华晨宇,演唱
29418038,LetYouGo,861777,华晨宇,演唱
31645164,癌,861777,华晨宇,演唱
434981393,忧伤的巨人,861777,华晨宇,演唱
471374398,随我,1063007,居来,演唱
434981388,逃离乌托邦,861777,华晨宇,演唱
29418041,环游,861777,华晨宇,演唱
29418043,不朽,861777,华晨宇,演唱
409060097,火星情报局,861777,华晨宇,演唱
522320210,穿心,861777,华晨宇,演唱
29785948,我(live版),861777,华晨宇,演唱
434981390,变相怪杰,861777,华晨宇,演唱
29343845,自己的太阳,9276,尚雯婕,演唱
571340083,夏之旅,861777,华晨宇,演唱
28949328,WhyNobodyFights,861777,华晨宇,演唱
33497110,反义词,861777,华晨宇,演唱
28497630,花儿与少年,1044229,李菲儿,演唱
29785930,春(Live版),861777,华晨宇,演唱
522320048,我和我,861777,华晨宇,演唱
30569534,就这Young,12355767,饶威,演唱
34364633,Chandelier,861777,华晨宇,演唱
30394408,安全感(live),861777,华晨宇,演唱
411214279,雅俗共赏,5771,许嵩,演唱
167876,有何不可,5771,许嵩,演唱
167827,素颜,8022,何曼婷,演唱
167655,幻听,5771,许嵩,演唱
28854182,惊鸿一面,7890,黄龄,演唱
1397105439,雨幕,5771,许嵩,演唱
167870,如果当时,5771,许嵩,演唱
167850,庐州月,5771,许嵩,演唱
167937,断桥残雪,5771,许嵩,演唱
27646687,玫瑰花的葬礼,5771,许嵩,演唱
167882,清明雨上,5771,许嵩,演唱
554191378,我乐意,5771,许嵩,演唱
167691,天龙八部之宿敌,5771,许嵩,演唱
167873,多余的解释,5771,许嵩,演唱
167844,灰色头像,5771,许嵩,演唱
5255987,你若成风,5771,许嵩,演唱
167885,城府,5771,许嵩,演唱
167744,半城烟沙,5771,许嵩,演唱
569213279,大千世界,5771,许嵩,演唱
573384240,如约而至,5771,许嵩,演唱
167732,千百度,5771,许嵩,演唱
412902950,最佳歌手,5771,许嵩,演唱
28802028,山水之间,5771,许嵩,演唱
862099032,明智之举,5771,许嵩,演唱
1327456179,绝代风华,5771,许嵩,演唱
402073807,燕归巢,5771,许嵩,演唱
167752,伤声,5771,许嵩,演唱
167841,叹服,5771,许嵩,演唱
167903,我想牵着你的手,5771,许嵩,演唱
167679,全球变冷,5771,许嵩,演唱
34040693,千古,5771,许嵩,演唱
167888,认错,5771,许嵩,演唱
167705,想象之中,5771,许嵩,演唱
557584658,老古董,5771,许嵩,演唱
415792563,摄影艺术,5771,许嵩,演唱
448144319,今年勇,5771,许嵩,演唱
167712,拆东墙,5771,许嵩,演唱
521415426,蝴蝶的时间,5771,许嵩,演唱
418603441,平行宇宙,5771,许嵩,演唱
167715,医生,5771,许嵩,演唱
428095913,江湖,5771,许嵩,演唱
28953350,七夕,5771,许嵩,演唱
167968,飞蛾,5771,许嵩,演唱
167894,星座书上,5771,许嵩,演唱
167786,南山忆,5771,许嵩,演唱
167727,降温,5771,许嵩,演唱
167709,河山大好,5771,许嵩,演唱
465677131,深夜书店,906118,洛天依,演唱
167891,内线,5771,许嵩,演唱
28952258,弹指一挥间,5771,许嵩,演唱
1365393542,孤身,1197168,徐秉龙,演唱
514761281,白羊,12002248,沈以诚,演唱
1401482684,我可以,1197168,徐秉龙,演唱
522510615,千禧,1197168,徐秉龙,演唱
504624714,青柠,12386867,桃十五,演唱
1294899029,心事,1197168,徐秉龙,演唱
461899833,鸽子,1197168,徐秉龙,演唱
557581095,双子,1197168,徐秉龙,演唱
1354629987,去见你,1197168,徐秉龙,演唱
1397680229,笨蛋,1197168,徐秉龙,演唱
1397489326,浪漫宇宙的核心,1197168,徐秉龙,演唱
546723152,拥抱,1197168,徐秉龙,演唱
466370500,不二臣,1197168,徐秉龙,演唱
1397679290,甜,1197168,徐秉龙,演唱
1397679288,心脏,1197168,徐秉龙,演唱
509932349,失物招领,1197168,徐秉龙,演唱
445505374,心仪,1197168,徐秉龙,演唱
1396205229,星子,12186038,叶炫清,演唱
1397679287,给你,1197168,徐秉龙,演唱
1342592226,离家最近的路,12084229,焦迈奇,演唱
1336871144,宝贝,1197168,徐秉龙,演唱
472117541,林宥嘉,1197168,徐秉龙,演唱
528271077,年年,1197168,徐秉龙,演唱
1397680226,卫星,1197168,徐秉龙,演唱
1355927292,胆小鬼,1197168,徐秉龙,演唱
1306496592,霓虹,1197168,徐秉龙,演唱
480783619,迂回,1197168,徐秉龙,演唱
1299570603,戏精,1197168,徐秉龙,演唱
1323303739,艺术家,1197168,徐秉龙,演唱
1378670290,第三人称,1197168,徐秉龙,演唱
486252038,陈瑞,1197168,徐秉龙,演唱
1355979741,胆小鬼(伴奏),1197168,徐秉龙,演唱
429459647,WhatICouldDo,1197168,徐秉龙,演唱
430026506,虹,1197168,徐秉龙,演唱
514774263,白羊(伴奏),12002248,沈以诚,演唱
1342578560,离家最近的路(伴奏),12084229,焦迈奇,演唱
1294889030,心事,1197168,徐秉龙,演唱
1336864149,宝贝,1197168,徐秉龙,演唱
1401482685,我可以(伴奏),1197168,徐秉龙,演唱
1365394301,孤身（伴奏）,1197168,徐秉龙,演唱
1323301716,艺术家,1197168,徐秉龙,演唱
1306497615,霓虹,1197168,徐秉龙,演唱
522510616,千禧(伴奏),1197168,徐秉龙,演唱
1299550651,戏精,1197168,徐秉龙,演唱
1396204675,星子-伴奏,12186038,叶炫清,演唱
1354629989,去见你(伴奏),1197168,徐秉龙,演唱
528271078,年年(伴奏),1197168,徐秉龙,演唱
557584091,双子(伴奏),1197168,徐秉龙,演唱
546722182,拥抱(伴奏),1197168,徐秉龙,演唱
1397679291,蜻蜓,1197168,徐秉龙,演唱
1365898499,失眠飞行,12408182,薛明媛,演唱
1336856864,形容,12002248,沈以诚,演唱
1400047314,绿洲,12002248,沈以诚,演唱
479598964,椿,12002248,沈以诚,演唱
1336856449,告白,12002248,沈以诚,演唱
1380262830,超喜欢你,12002248,沈以诚,演唱
1347692190,独居男子,12002248,沈以诚,演唱
571338448,不打扰,12798217,刘思鉴,演唱
1396208034,谈恋爱前不如先养猫,12002248,沈以诚,演唱
1346105274,软,12002248,沈以诚,演唱
1377372468,鲨鱼,12002248,沈以诚,演唱
1390484461,推理,12395708,MT1990,演唱
1383742572,嘿,12002248,沈以诚,演唱
539820204,里面,12002248,沈以诚,演唱
1387623887,剃须刀,12002248,沈以诚,演唱
412319591,狂恋你（Cover：EveryLittleThing）,12002248,沈以诚,演唱
561438803,BlueDress,12002248,沈以诚,演唱
1318156992,道理的道理,12002248,沈以诚,演唱
407032014,菲菲,12002248,沈以诚,演唱
440767269,预言家,12002248,沈以诚,演唱
413831989,水瓶,12002248,沈以诚,演唱
29414160,越来越不懂,12002248,沈以诚,演唱
407004034,氤氲,12002248,沈以诚,演唱
1354962803,里面,809020,香料,演唱
515426297,好奇,12002248,沈以诚,演唱
522260945,日子全都喂给了猫,12002248,沈以诚,演唱
412319592,迷津,12002248,沈以诚,演唱
1380263224,超喜欢你(伴奏),12002248,沈以诚,演唱
407004033,讨厌,12002248,沈以诚,演唱
406752375,爱冬野的少年,12002248,沈以诚,演唱
434022943,立方客,12002248,沈以诚,演唱
504042391,陷于灰色幻象,12002248,沈以诚,演唱
444356507,双木,12002248,沈以诚,演唱
425724056,仍然,12002248,沈以诚,演唱
1336866790,形容（Instrumental）,12002248,沈以诚,演唱
407004032,负面文字,12002248,沈以诚,演唱
456167520,突然来的新年,12002248,沈以诚,演唱
33525634,水瓶,12002248,沈以诚,演唱
421137079,食草动物,12002248,沈以诚,演唱
407004031,Intro:乌云,12002248,沈以诚,演唱
33525635,氤氲,12002248,沈以诚,演唱
1400047317,绿洲(伴奏),12002248,沈以诚,演唱
1354971005,里面（香料RemixInstrumental）,809020,香料,演唱
1390484463,推理（Instrumental）,12395708,MT1990,演唱
471268393,狂恋你(ViolinVersion.),12002248,沈以诚,演唱
534565790,椿（PianoVersion.）,12002248,沈以诚,演唱
1387623889,剃须刀（Instrumental）,12002248,沈以诚,演唱
1396205004,谈恋爱前不如先养猫（伴奏）,12002248,沈以诚,演唱
1382596189,嚣张,32220939,en,演唱
1366551860,天龙八部之宿敌cover许嵩（Cover：许嵩）,32220939,en,演唱
1393382959,你走之后的雨季,32220939,en,演唱
1382592690,嚣张(伴奏),32220939,en,演唱
550138197,没有理由,12071014,周延英（英子-effie）,演唱
480580003,再也没有,12258420,AY楊佬叁,演唱
1374086946,放个大招给你看,12448205,永彬Ryan.B,演唱
864100958,小鹿乱撞,12120169,狄迪（D-DAY）,演唱
1366518535,开普勒452B,5349,魏晨,演唱
1400419012,怎么了，没什么,12448205,永彬Ryan.B,演唱
1351620450,是你,12448205,永彬Ryan.B,演唱
1335841688,围绕,12333145,DP龙猪,演唱
480580000,撒野,12448205,永彬Ryan.B,演唱
1342818582,你的时间里,12448205,永彬Ryan.B,演唱
1340001970,为你疯狂,12448205,永彬Ryan.B,演唱
1389141051,给你一个稳,12448205,永彬Ryan.B,演唱
536623354,全部都给你,13228424,GC国丞,演唱
1299557115,不停,12448205,永彬Ryan.B,演唱
551338635,That’sMe,12448205,永彬Ryan.B,演唱
1351618848,情景剧,12448205,永彬Ryan.B,演唱
468877175,藤蔓之间,12448205,永彬Ryan.B,演唱
1381562579,温柔困兽,12448205,永彬Ryan.B,演唱
1303026479,动物(Animal),12448205,永彬Ryan.B,演唱
1400711997,怎么了，没什么(伴奏),12448205,永彬Ryan.B,演唱
1411332324,2020全都要稳,12448205,永彬Ryan.B,演唱
108390,说谎,3685,林宥嘉,演唱
562594267,成全,3685,林宥嘉,演唱
108179,浪费,3685,林宥嘉,演唱
432509483,全世界谁倾听你,3685,林宥嘉,演唱
108557,残酷月光,3685,林宥嘉,演唱
108281,想自由,3685,林宥嘉,演唱
108224,突然想起你(Live),3685,林宥嘉,演唱
350651,我爱的人,3685,林宥嘉,演唱
108194,傻子,3685,林宥嘉,演唱
417833029,天真有邪,3685,林宥嘉,演唱
1392925633,少女,3685,林宥嘉,演唱
108393,心酸,3685,林宥嘉,演唱
5247677,背影,3685,林宥嘉,演唱
1353372483,别让我走远,3685,林宥嘉,演唱
108539,神秘嘉宾,3685,林宥嘉,演唱
417250911,我梦见你梦见我,3685,林宥嘉,演唱
350616,你是我的眼,3685,林宥嘉,演唱
862098927,致姗姗来迟的你(Live),3685,林宥嘉,演唱
417250910,飞,3685,林宥嘉,演唱
108411,感同身受,3685,林宥嘉,演唱
479408180,船,3685,林宥嘉,演唱
436016777,兜圈,3685,林宥嘉,演唱
108284,我总是一个人在练习一个人,3685,林宥嘉,演唱
1294910319,脆弱一分钟,3685,林宥嘉,演唱
862102137,推动摇篮的手,3685,林宥嘉,演唱
1374630898,追寻年少的光,10200,郁可唯,演唱
417250913,勿忘你,3685,林宥嘉,演唱
25850223,我只在乎你,3685,林宥嘉,演唱
108191,勉强幸福,3685,林宥嘉,演唱
108182,诱,3685,林宥嘉,演唱
26608581,离开地球表面(Live),13193,五月天,演唱
34614324,突然好想你(Live),3685,林宥嘉,演唱
108277,自然醒,3685,林宥嘉,演唱
108170,思凡,3685,林宥嘉,演唱
417250909,我已经敢想你,3685,林宥嘉,演唱
108567,心有林夕,3685,林宥嘉,演唱
108536,眼色,3685,林宥嘉,演唱
108291,拥有,3685,林宥嘉,演唱
108294,早开的晚霞,3685,林宥嘉,演唱
417833031,一点点,3685,林宥嘉,演唱
417250908,坏与更坏,3685,林宥嘉,演唱
108571,再别康桥,3685,林宥嘉,演唱
442898703,长大的童话,3685,林宥嘉,演唱
108297,想念,3685,林宥嘉,演唱
34179838,如同悲伤被下载了两次,3685,林宥嘉,演唱
108549,请说,3685,林宥嘉,演唱
417833028,让世界毁灭,3685,林宥嘉,演唱
417833033,宠儿,3685,林宥嘉,演唱
428095030,天将明,3685,林宥嘉,演唱
350630,走钢索的人,3685,林宥嘉,演唱
1404906595,没有理由,31668975,Lambert,演唱
1384527426,不得不爱,31668975,Lambert,演唱
1403800769,你走以后,28416044,野小马,演唱
1386461950,重来,31668975,Lambert,演唱
1353187203,AlanWalker-AllFallsDown（lambert/刘至佳remix）,1172023,刘至佳,演唱
1382808527,LoveStruck,31880229,石玺彤,演唱
1366115263,DAZZLING,31668975,Lambert,演唱
1361039119,BEGGIN,31668975,Lambert,演唱
1397506766,Shy,31668975,Lambert,演唱
1387784698,Allbymyself,12610360,七口kiko,演唱
1390897155,噪音,12270985,十七草,演唱
1374224574,YoungBoss,12270985,十七草,演唱
1362247669,Decent!(feat.Lambert),31668975,Lambert,演唱
1391258643,1Hunnit,31668975,Lambert,演唱
1386461951,重来（伴奏）,31668975,Lambert,演唱
1382818157,LoveStruck（Instrumental）,31880229,石玺彤,演唱
1403806557,你走以后（伴奏）,28416044,野小马,演唱
1381784997,Doubledown,31668975,Lambert,演唱
1386259535,飞,12923493,二胖u,演唱
1363205817,你走以后1.0,12923493,二胖u,演唱
522943592,你走以后,12923493,二胖u,演唱
866062997,起风了remix,12923493,二胖u,演唱
1362486425,你走以后2.0,12904290,王恩信Est,演唱
1372829188,你走以后1.0(hookbeat),12923493,二胖u,演唱
1346818436,别丧了:),12904290,王恩信Est,演唱
1408861503,飞伴奏,12923493,二胖u,演唱
1319441705,不如不见面remix,12134076,梁老师Tsong,演唱
1364243777,她是個極有魅力的怪物,12336251,tripley,演唱
1374881927,她,13794347,Forty_G（马振杰）,演唱
1360103709,靠近,12904290,王恩信Est,演唱
1358505666,4.18,12904290,王恩信Est,演唱
1390255291,雨,12904290,王恩信Est,演唱
1400520901,☾,12904290,王恩信Est,演唱
1376696536,R0725,12904290,王恩信Est,演唱
1346819047,这首歌写自己,12904290,王恩信Est,演唱
1353476519,☼(ProdbyPENG),28175927,六一船长,演唱
1346743598,引prodby雍和,12904290,王恩信Est,演唱
1319481962,Loneyxx（Prodby雍和）,12287018,王晨宇IceCraz,演唱
1410897464,喜欢,12904290,王恩信Est,演唱
554241732,我的名字,12084229,焦迈奇,演唱
1404884182,爱你不是两三天,12084229,焦迈奇,演唱
1368371706,你曾是少年,12084229,焦迈奇,演唱
1353194608,今天也想见到你,12084229,焦迈奇,演唱
1360807180,我欢喜喜欢你,12084229,焦迈奇,演唱
507014930,赧(nǎn)然的贼,12084229,焦迈奇,演唱
1323301155,哗啦啦少年再见,12084229,焦迈奇,演唱
426833066,混蛋！,12084229,焦迈奇,演唱
569870903,大人,12084229,焦迈奇,演唱
1369998432,风吹着我向你跑来,12084229,焦迈奇,演唱
1365209412,等你的日子不值一提,12084229,焦迈奇,演唱
1360807178,怎么我睡不着你也不来救我,12084229,焦迈奇,演唱
1360807332,等你的日子不值一提,12084229,焦迈奇,演唱
1385560525,山月,12084229,焦迈奇,演唱
423104763,立日心,12084229,焦迈奇,演唱
1360802598,这个人很懒，什么都没有留下,12084229,焦迈奇,演唱
423015082,你的晚安是想让我闭嘴吧,12084229,焦迈奇,演唱
423015086,我真的毫无酒量可言,12084229,焦迈奇,演唱
524148556,新年快乐,12084229,焦迈奇,演唱
1381380904,坚强的理由,28103230,蔡维泽,演唱
1306496744,少年行,12084229,焦迈奇,演唱
500410106,谢谢侬,12084229,焦迈奇,演唱
1370939675,超大只怪兽,12084229,焦迈奇,演唱
493663235,活着,12084229,焦迈奇,演唱
1360807177,松鼠,12084229,焦迈奇,演唱
497745640,十万毫升泪水,12084229,焦迈奇,演唱
432430693,黑色的海,12084229,焦迈奇,演唱
1360807181,地球上最后的夜晚,12084229,焦迈奇,演唱
490595250,致姗姗来迟的你,12084229,焦迈奇,演唱
487379704,夏天的风,12084229,焦迈奇,演唱
1336131098,只记今朝笑,30627660,王加一,演唱
1387564798,闪耀的日子,12084229,焦迈奇,演唱
503206711,骄傲的少年,12488046,陈玮镔,演唱
488647708,克卜勒,12084229,焦迈奇,演唱
492144343,咸鱼remix倔强,12084229,焦迈奇,演唱
1368371710,你曾是少年(伴奏),12084229,焦迈奇,演唱
501221003,LOVE!,12084229,焦迈奇,演唱
503206703,我想,12463381,赵晔,演唱
487379713,听不到,12084229,焦迈奇,演唱
1313102148,少年行,12084229,焦迈奇,演唱
493663216,相爱后动物感伤,12084229,焦迈奇,演唱
495220638,我可是你手中那一朵鲜花,12084229,焦迈奇,演唱
497755646,烂泥,12084229,焦迈奇,演唱
501221004,黄小花,12084229,焦迈奇,演唱
1404883480,爱你不是两三天(伴奏),12084229,焦迈奇,演唱
1323301424,哗啦啦少年再见(Live),12084229,焦迈奇,演唱
1332489593,少年行,12084229,焦迈奇,演唱
423104764,立日心伴奏,12084229,焦迈奇,演唱
1368327462,耿,5538,汪苏泷,演唱
165340,有点甜,11097,By2,演唱
165361,不分手的恋爱,5538,汪苏泷,演唱
165347,风度,5538,汪苏泷,演唱
553310138,忽而今夏,5538,汪苏泷,演唱
426852063,一笑倾城,5538,汪苏泷,演唱
165379,小星星,5538,汪苏泷,演唱
174944,后会无期,5538,汪苏泷,演唱
1313052971,岁月神偷,28900376,刘乐瑶,演唱
482386133,那个男孩,5538,汪苏泷,演唱
165339,万有引力,5538,汪苏泷,演唱
165364,苦笑,5538,汪苏泷,演唱
165375,专属味道,5538,汪苏泷,演唱
165367,三国杀,5538,汪苏泷,演唱
165370,某人,5538,汪苏泷,演唱
165405,巴赫旧约,5538,汪苏泷,演唱
1320100071,为你写诗,12312068,周洁琼,演唱
1297742771,追光者,5538,汪苏泷,演唱
165373,放不下,5538,汪苏泷,演唱
1306507727,全世界陪我失眠,5538,汪苏泷,演唱
32897777,年轮,5538,汪苏泷,演唱
1378675172,星星坠落时,5538,汪苏泷,演唱
165382,幸福是被你需要,5538,汪苏泷,演唱
1319655594,无名之辈,5538,汪苏泷,演唱
165380,埋葬冬天,5538,汪苏泷,演唱
165377,等不到你,5538,汪苏泷,演唱
34125026,银河,5538,汪苏泷,演唱
165381,你让我懂,5538,汪苏泷,演唱
165372,他的爱,5538,汪苏泷,演唱
28724346,黑眼圈,5538,汪苏泷,演唱
569214141,小流星,1049172,吴映洁,演唱
34852171,得不到的温柔,5538,汪苏泷,演唱
34532020,睡前故事,5538,汪苏泷,演唱
165374,唯你懂我心,5538,汪苏泷,演唱
1308818695,岛,5538,汪苏泷,演唱
165345,桃花扇,5538,汪苏泷,演唱
28606605,晴,5538,汪苏泷,演唱
165376,因为了解,5538,汪苏泷,演唱
165355,我也不知道,5538,汪苏泷,演唱
165383,慢慢懂,5538,汪苏泷,演唱
1308782725,第十二夜,5538,汪苏泷,演唱
400875065,灵主不悔,5538,汪苏泷,演唱
165346,分手季节,5538,汪苏泷,演唱
36198246,十大金曲串烧(现场版),5929,徐良,演唱
165348,停止跳动,5538,汪苏泷,演唱
165342,第一首情歌,5538,汪苏泷,演唱
28724353,黑色蝴蝶,5538,汪苏泷,演唱
1305365921,旷梦,5538,汪苏泷,演唱
28724363,雾都孤儿,5538,汪苏泷,演唱
165358,累不累,5538,汪苏泷,演唱
1356350562,这一生关于你的风景,30284835,枯木逢春,演唱
1378945187,这城市风总是很大,30284835,枯木逢春,演唱
1316921651,亦是此间少年（demo）,30284835,枯木逢春,演唱
1323106961,我在昨天的梦里又看见了你,30284835,枯木逢春,演唱
1374701777,平胸女子,30284835,枯木逢春,演唱
1385646451,亦是此间少年,30284835,枯木逢春,演唱
1407998782,大梦,30284835,枯木逢春,演唱
1318101671,你说,30284835,枯木逢春,演唱
1338785762,那年,30284835,枯木逢春,演唱
1394155900,雪花膏,30284835,枯木逢春,演唱
1330938221,里予,30284835,枯木逢春,演唱
1385856956,太阳,32399227,王巨星,演唱
1396073496,拾忆,32399227,王巨星,演唱
1406809993,重演,32399227,王巨星,演唱
1379416556,画,32399227,王巨星,演唱
1382385235,拜拜（Cover：浙音4811（一个大金意））,32399227,王巨星,演唱
1369383684,化身孤岛的鲸（Cover：群星）,32399227,王巨星,演唱
1389093791,画（伴奏）,32399227,王巨星,演唱
1394724965,太阳（伴奏）,32399227,王巨星,演唱
1411576088,情字难（男版）,32399227,王巨星,演唱
1335350269,生而为人,13608761,尚士达,演唱
1383876635,迷人的危险,13608761,尚士达,演唱
1373225817,那就晚安,13608761,尚士达,演唱
1407794268,感情医生,13608761,尚士达,演唱
1389874526,再怎么爱,13608761,尚士达,演唱
1362281761,鲸鱼,13608761,尚士达,演唱
573683265,说故事的男孩儿,13608761,尚士达,演唱
1401919218,别走远,13608761,尚士达,演唱
1380328551,我来唱一首歌,13608761,尚士达,演唱
191232,遥远的她,6460,张学友,演唱
187672,烦恼歌,6460,张学友,演唱
188432,如果这都不算爱,6460,张学友,演唱
190449,吻别,6460,张学友,演唱
189315,慢慢,6460,张学友,演唱
190270,饿狼传说,6460,张学友,演唱
190360,等你等到我心痛,6460,张学友,演唱
189987,只想一生跟你走,6460,张学友,演唱
189396,一千个伤心的理由(Live),6460,张学友,演唱
188657,你最珍贵,7779,高慧君,演唱
188674,情书,6460,张学友,演唱
188647,她来听我的演唱会,6460,张学友,演唱
188703,李香兰,6460,张学友,演唱
188429,我真的受伤了,6460,张学友,演唱
190380,还是觉得你最好,6460,张学友,演唱
188071,一路上有你,6460,张学友,演唱
36861904,"相爱很难(电影""男人四十""歌曲)",6460,张学友,演唱
188555,相思风雨中,9504,汤宝如,演唱
188671,心如刀割,6460,张学友,演唱
190563,每天爱你多一些,6460,张学友,演唱
189072,回头太难,6460,张学友,演唱
189841,离开以后,6460,张学友,演唱
187937,小城大事(live),6460,张学友,演唱
189714,旧情绵绵,6460,张学友,演唱
190807,忘情冷雨夜,6460,张学友,演唱
188989,离人,6460,张学友,演唱
190473,秋意浓,6460,张学友,演唱
190328,祝福,6460,张学友,演唱
189313,忘记你我做不到,6460,张学友,演唱
188747,雨夜的浪漫,6460,张学友,演唱
5251908,月半弯,6460,张学友,演唱
190808,夕阳醉了,6460,张学友,演唱
190803,只愿一生爱一人,6460,张学友,演唱
189873,我等到花儿也谢了,6460,张学友,演唱
189012,头发乱了,6460,张学友,演唱
188261,咖啡,6460,张学友,演唱
94743,这么近那么远,6460,张学友,演唱
187908,听海(live),6460,张学友,演唱
110805,你的名字我的姓氏,6460,张学友,演唱
188820,你好毒,6460,张学友,演唱
5285096,地球大合唱,7225,陈慧娴,演唱
190452,情网,6460,张学友,演唱
188948,爱你痛到不知痛,6460,张学友,演唱
191144,蓝雨,6460,张学友,演唱
187911,约定(live),6460,张学友,演唱
187944,爱很简单(live),6460,张学友,演唱
190372,分手总要在雨天,6460,张学友,演唱
190443,留住这时光(FullVersion),6460,张学友,演唱
187966,情人(live),6460,张学友,演唱
1344897943,你是人间四月天,29392693,解忧邵帅,演唱
1334295185,写给黄淮,29392693,解忧邵帅,演唱
1371780785,暖一杯茶,29392693,解忧邵帅,演唱
1325702742,南风北巷,29392693,解忧邵帅,演唱
1306400549,写给黄淮（demo）,29392693,解忧邵帅,演唱
1317542136,你是我所有的梦,29392693,解忧邵帅,演唱
1406505663,失眠,29392693,解忧邵帅,演唱
1349381229,解忧,29392693,解忧邵帅,演唱
1342633205,驻马店西,29392693,解忧邵帅,演唱
1407257129,当倾尽所有余生何求,29392693,解忧邵帅,演唱
1378926893,过期的青春,29392693,解忧邵帅,演唱
1340678372,不甘心的甘愿,29392693,解忧邵帅,演唱
1359357928,何必要,29392693,解忧邵帅,演唱
1383914586,渺无音信,29392693,解忧邵帅,演唱
1391433967,下雨的杭州,29392693,解忧邵帅,演唱
1356464825,一个人的城市,29392693,解忧邵帅,演唱
1343610114,关于高考的岁月,29392693,解忧邵帅,演唱
1353236929,假如我,29392693,解忧邵帅,演唱
1400390603,一个人的狂欢,29392693,解忧邵帅,演唱
1330551810,少年依然在,29392693,解忧邵帅,演唱
1351723410,听众的故事,29392693,解忧邵帅,演唱
1364123417,我们都是无名之辈,29392693,解忧邵帅,演唱
1407789530,当倾尽所有余生何求,29392693,解忧邵帅,演唱
1344897985,你是人间四月天伴奏,29392693,解忧邵帅,演唱
1407256472,当倾尽所有余生何求(伴奏),29392693,解忧邵帅,演唱
1334327208,写给黄淮-伴奏,29392693,解忧邵帅,演唱
1406502827,失眠（伴奏）,29392693,解忧邵帅,演唱
1307060266,写给黄淮（demo）伴奏,29392693,解忧邵帅,演唱
1326256858,南风北巷伴奏,29392693,解忧邵帅,演唱
1374490172,暖一杯茶（伴奏）,29392693,解忧邵帅,演唱
1323534074,你是我所有的梦伴奏,29392693,解忧邵帅,演唱
1343601810,关于高考的岁月伴奏,29392693,解忧邵帅,演唱
1400424266,一个人的狂欢（伴奏）,29392693,解忧邵帅,演唱
1349379681,解忧伴奏,29392693,解忧邵帅,演唱
1391439166,下雨的杭州（伴奏）,29392693,解忧邵帅,演唱
1340675655,不甘心的甘愿伴奏,29392693,解忧邵帅,演唱
1342622984,驻马店西伴奏,29392693,解忧邵帅,演唱
1364123711,我们都是无名之辈伴奏,29392693,解忧邵帅,演唱
1359366412,何必要伴奏,29392693,解忧邵帅,演唱
1353240052,假如我伴奏,29392693,解忧邵帅,演唱
1383954086,渺无音信（伴奏）,29392693,解忧邵帅,演唱
1330559221,少年依然在伴奏,29392693,解忧邵帅,演唱
1356480109,一个人的城市伴奏,29392693,解忧邵帅,演唱
1351724186,听众的故事伴奏,29392693,解忧邵帅,演唱
1385126398,2019无敌大串烧(Cover：群星),12085016,接个吻，开一枪,演唱
464863017,烟袋斜街,12085016,接个吻，开一枪,演唱
441617611,锦里,12085016,接个吻，开一枪,演唱
1377145341,单线告别,1172023,刘至佳,演唱
438900437,YOUTH(KissgunRemix),12085016,接个吻，开一枪,演唱
455382413,Beijing,12077115,CLARE,演唱
433059656,南锣鼓巷,12077115,CLARE,演唱
431791046,夜袭漓江塔,12085016,接个吻，开一枪,演唱
475258052,田子坊,12085016,接个吻，开一枪,演唱
1301042215,宝贝,29840340,八连杀,演唱
1370008872,失眠飞行（伴奏）,12085016,接个吻，开一枪,演唱
509750823,我不害怕,12056052,小猪迷糊糊,演唱
435307278,大白兔奶糖,12085016,接个吻，开一枪,演唱
432511851,Beautifulcloud,12085016,接个吻，开一枪,演唱
431791368,Onlywithyou,12085016,接个吻，开一枪,演唱
1378475077,单线告别（Inst.）,12085016,接个吻，开一枪,演唱
435305433,迷路（OriginalMix）,12085016,接个吻，开一枪,演唱
430793779,Rush（Kissgun&JiaoYanpearsRemix）1,12085016,接个吻，开一枪,演唱
502499421,秋凹,12085016,接个吻，开一枪,演唱
1357785909,野狼disco,12084497,宝石gem,演唱
1384570303,野狼disco(Live),12084497,宝石gem,演唱
1384570100,山河图(Live),12084497,宝石gem,演唱
553237564,路易,12084497,宝石gem,演唱
1407760075,伤心太平洋(Live),12084497,宝石gem,演唱
1350037967,千万之王,12128275,吾人文化_莲花,演唱
516534807,社会老舅摇(Prod.byBoxOfWolves),12084497,宝石gem,演唱
456018615,龙门客栈,12084497,宝石gem,演唱
1322300569,YoungMafia（Remix）,12119152,夜楠H.,演唱
552236556,打包,12084497,宝石gem,演唱
1401242698,野狼disco(伴奏),12084497,宝石gem,演唱
559782024,浪漫男银,12084497,宝石gem,演唱
864303469,YoungSlav,12084497,宝石gem,演唱
510394354,你的老舅,12084497,宝石gem,演唱
1316481726,YoungMafiA,12119152,夜楠H.,演唱
1295923262,夏日发廊,12127910,SuperDeep,演唱
569510799,同学聚会,12071101,志国夜总会,演唱
1346054792,钱雨,787166,王骞Boc,演唱
1376121145,Legend(Live),12084497,宝石gem,演唱
520102491,海子,12084497,宝石gem,演唱
1382940017,PrettyBoy’sDirtySouth,12479807,N1FT,演唱
864648371,砂岚(Prod.By.SuperDeep&DJJamie),12276375,NINEONE,演唱
513213742,王骞Boc-来日方长,12084497,宝石gem,演唱
423015862,《样带:38场29镜2次》,12084497,宝石gem,演唱
1373195668,宝石gem阿卡贝拉(live),12084497,宝石gem,演唱
1370980254,youngblood,12084497,宝石gem,演唱
571471232,DragMeDown(Feat.宝石Gem),12084497,宝石gem,演唱
511829685,城市忍者疾风传（Coverthefirstsigh）,12084497,宝石gem,演唱
1325731943,Lambor,12119152,夜楠H.,演唱
520100486,桃花扇,12084497,宝石gem,演唱
522886570,远和近（Coversunrisesunsetre:plus）,1047034,曹石,演唱
520101288,出师表3.0,29944800,"huan,莲花，flyindog,mai,noodle",演唱
545081801,Zion.T-杨花大桥（宝石gemRemix）,12084497,宝石gem,演唱
572707718,说不出口,12084497,宝石gem,演唱
544026428,WOLFMAN,12084497,宝石gem,演唱
544026632,远和近,1047034,曹石,演唱
520100802,摩天大圣,29972340,宝石gem，莲花,演唱
520033921,ByeBye,12084497,宝石gem,演唱
540613528,香槟,12084497,宝石gem,演唱
520101548,行走在黑夜,12084497,宝石gem,演唱
520032975,一夜,12084497,宝石gem,演唱
520100636,在路上,12084497,宝石gem,演唱
521619171,killaeatnoodle（Cover21savage）,12084497,宝石gem,演唱
520100837,Wearethecity（remix）,29972340,宝石gem，莲花,演唱
520100464,那首歌,12084497,宝石gem,演唱
521525985,21Savage-NoHeart-KillaEatNoodle(ProdbyYoungMetro),12026317,G-Loco,演唱
520032911,一个传奇,12084497,宝石gem,演唱
520100581,假如你属于我,12084497,宝石gem,演唱
520101572,旅行,30413167,宝石gem，mai,演唱
547290192,留灯,12084497,宝石gem,演唱
441491828,水星记,2843,郭顶,演唱
442869203,保留,2843,郭顶,演唱
85571,我们俩,2843,郭顶,演唱
436346833,凄美地,2843,郭顶,演唱
1327566544,It'sAlwaysTheLittleThings,72720,RachaelYamagata,演唱
442867218,想着你,2843,郭顶,演唱
85578,情歌两三首,2843,郭顶,演唱
85569,幸运大门,2843,郭顶,演唱
442869201,在云端,2843,郭顶,演唱
442869204,每个眼神都只身荒野,2843,郭顶,演唱
442869196,落地之前,2843,郭顶,演唱
507336695,不明下落,2843,郭顶,演唱
442867220,下次再进站,2843,郭顶,演唱
442869198,把你的外套留在深巷,2843,郭顶,演唱
442867219,有什么奇怪,2843,郭顶,演唱
85575,不要想太多,2843,郭顶,演唱
85595,不是说好的吗,2843,郭顶,演唱
85590,阳光里的时光梯,2843,郭顶,演唱
85587,微微,2843,郭顶,演唱
85583,懂得寂寞,2843,郭顶,演唱
85585,朵朵,2843,郭顶,演唱
85573,小希望,2843,郭顶,演唱
85608,亚萨神殿,2843,郭顶,演唱
85600,冷战,2843,郭顶,演唱
85598,今天还是明天,2843,郭顶,演唱
85606,口袋里的对不起,2843,郭顶,演唱
85597,下个入口,2843,郭顶,演唱
85610,1985,2843,郭顶,演唱
85599,简约主义,2843,郭顶,演唱
85581,谜城,2843,郭顶,演唱
85604,无邪,2843,郭顶,演唱
85602,No!Oh!,2843,郭顶,演唱
25788001,其实都没有,6066,杨宗纬,演唱
25714352,空白格(Live),6066,杨宗纬,演唱
490602750,越过山丘,6066,杨宗纬,演唱
26075553,这一路走来,6066,杨宗纬,演唱
175991,那个男人,6066,杨宗纬,演唱
472137697,凉凉(Live),6066,杨宗纬,演唱
32098468,我变了我没变,6066,杨宗纬,演唱
25986220,忘了我,6066,杨宗纬,演唱
26075548,初爱,6066,杨宗纬,演唱
26075648,流浪记(Live),6066,杨宗纬,演唱
176053,洋葱,6066,杨宗纬,演唱
33705768,为你我受冷风吹,6066,杨宗纬,演唱
1409087667,背光,6066,杨宗纬,演唱
31877648,长镜头(Live),6066,杨宗纬,演唱
26349280,为了遇见你,6066,杨宗纬,演唱
350648,人质,6066,杨宗纬,演唱
26142919,最爱,6066,杨宗纬,演唱
26075534,想对你说,6066,杨宗纬,演唱
350667,背叛,6066,杨宗纬,演唱
534541484,爱不得,6066,杨宗纬,演唱
175974,怀珠,6066,杨宗纬,演唱
479028095,天已黑,6066,杨宗纬,演唱
34852087,新不了情,6066,杨宗纬,演唱
176028,给未来的自己(Live),6066,杨宗纬,演唱
175973,底细,6066,杨宗纬,演唱
29375071,可惜不是你,6066,杨宗纬,演唱
175981,因为单身的缘故,6066,杨宗纬,演唱
25714086,矜持(Live),6066,杨宗纬,演唱
488256374,生命被你照亮,6066,杨宗纬,演唱
175979,馋,6066,杨宗纬,演唱
25714280,征服(Live),6066,杨宗纬,演唱
479223325,天龙八部,6066,杨宗纬,演唱
28202024,在雨中,6066,杨宗纬,演唱
175977,被遗忘的,6066,杨宗纬,演唱
26191002,我离开我自己(Live),6066,杨宗纬,演唱
26188041,我要我们在一起(Live),3700,李泉,演唱
26075547,低回,6066,杨宗纬,演唱
175983,前戏,6066,杨宗纬,演唱
27928133,一定要幸福,6066,杨宗纬,演唱
27906618,领悟,6066,杨宗纬,演唱
176047,让,6066,杨宗纬,演唱
27928131,我可以抱你吗(live版),6066,杨宗纬,演唱
26075549,没有什么不能,6066,杨宗纬,演唱
1357006458,穿山,6066,杨宗纬,演唱
175989,时间神偷,6066,杨宗纬,演唱
176039,听说爱情回来过(Live),6066,杨宗纬,演唱
176062,回忆沙漠,6066,杨宗纬,演唱
33361656,山丘(live),6066,杨宗纬,演唱
28308697,雨天,6066,杨宗纬,演唱
574919767,只要平凡,1024308,张碧晨,演唱
28059417,他不懂,6472,张杰,演唱
191254,天下,6472,张杰,演唱
191248,明天过后,6472,张杰,演唱
191252,我们都一样,6472,张杰,演唱
191060,"这,就是爱",6472,张杰,演唱
191268,仰望星空,6472,张杰,演唱
464674405,你就不要想起我(live),6472,张杰,演唱
28427772,夜空中最亮的星(Live),6472,张杰,演唱
28748199,剑心,6472,张杰,演唱
191278,最美的太阳,6472,张杰,演唱
191179,看月亮爬上来,6472,张杰,演唱
34179904,听,6472,张杰,演唱
191199,勿忘心安,6472,张杰,演唱
191134,着魔,6472,张杰,演唱
191195,量身订做,6472,张杰,演唱
34179910,MySunshine,6472,张杰,演唱
28996036,逆战,6472,张杰,演唱
34179944,闹啥子嘛闹,847107,谢帝,演唱
32752249,一念之间,8926,莫文蔚,演唱
191024,高飞,6472,张杰,演唱
27789126,年轻的战场,6472,张杰,演唱
460514434,默(Live),6472,张杰,演唱
28009540,逆态度,6472,张杰,演唱
191187,何必在一起,6472,张杰,演唱
191258,往事随风,6472,张杰,演唱
191015,秋天的童话,6472,张杰,演唱
34179921,爱的供养,10561,张靓颖,演唱
190993,第一夫人,6472,张杰,演唱
32835757,真心英雄,963409,陈学冬,演唱
34179893,浩瀚,6472,张杰,演唱
190995,最接近天堂的地方,6472,张杰,演唱
5242816,快乐出发,10200,郁可唯,演唱
28427765,无情的情书,6472,张杰,演唱
467952050,自己(Live),6472,张杰,演唱
27853883,爱，不解释,6472,张杰,演唱
29122484,很奇怪我爱你,6472,张杰,演唱
28427757,我的未来不是梦(Live),6472,张杰,演唱
191183,穿越人海,6472,张杰,演唱
191037,这里是神奇的赛尔号,6472,张杰,演唱
191086,今生今世,6472,张杰,演唱
191084,云中的Angel,6472,张杰,演唱
32192765,直到世界尽头,6472,张杰,演唱
526652579,FAST,12258996,LOKEY低调组合,演唱
190964,搁浅,6472,张杰,演唱
34179922,老婆,6472,张杰,演唱
191075,一切都值得,6472,张杰,演唱
28126757,你在哪里,6472,张杰,演唱
1397345903,悬溺,12136078,葛东琪,演唱
1368349338,甜而不腻,12136078,葛东琪,演唱
1303289043,囍（ChineseWedding）,12136078,葛东琪,演唱
1333264363,恋人未满（抖音男版片段）（Cover：S.H.E）,12136078,葛东琪,演唱
1404746581,霓端,12136078,葛东琪,演唱
1406617132,夺梦,12136078,葛东琪,演唱
1358848617,没有泪点,12136078,葛东琪,演唱
1385919432,定义,12136078,葛东琪,演唱
1395654132,烤山药（Chineseyam）,12136078,葛东琪,演唱
1358852245,向山,12136078,葛东琪,演唱
1373503466,巷子和树,12136078,葛东琪,演唱
1358848619,Somethingtoknow,12136078,葛东琪,演唱
1358852243,中国有流行,12136078,葛东琪,演唱
1318008605,烫嘴歌（remix烫嘴）,12136078,葛东琪,演唱
1358852241,FM99.9:无人电台,12136078,葛东琪,演唱
1374661098,不拆穿(Cover:SonTung),12136078,葛东琪,演唱
1313558696,没结尾的结尾,12136078,葛东琪,演唱
1370955985,梁山伯与茱丽叶（抖音片段）（Cover：卓文萱）,12136078,葛东琪,演唱
1358848618,杰杰布鲁根,12136078,葛东琪,演唱
1343208210,秘密,12136078,葛东琪,演唱
1358848616,就不告诉你,12136078,葛东琪,演唱
1368349337,吃着棉花糖走在云朵上,12136078,葛东琪,演唱
533089843,星期六（Saturday）,12136078,葛东琪,演唱
1337233932,童话世界,12136078,葛东琪,演唱
1358848615,HelpHer,12136078,葛东琪,演唱
1328261145,Helpher,12136078,葛东琪,演唱
1358852242,在这里,12136078,葛东琪,演唱
524715685,Revolution（创世纪）,12136078,葛东琪,演唱
519304492,Icantakeit,12136078,葛东琪,演唱
496617477,青蛙作曲家,12136078,葛东琪,演唱
518896579,值得感慨,12136078,葛东琪,演唱
435289824,发条人,12136078,葛东琪,演唱
1411110846,二十三号病床,12136078,葛东琪,演唱
186436,玻璃之情,6457,张国荣,演唱
186453,春夏秋冬,6457,张国荣,演唱
188204,沉默是金,6457,张国荣,演唱
26620756,当爱已成往事,6457,张国荣,演唱
188175,倩女幽魂,6457,张国荣,演唱
188451,当年情(Live),6457,张国荣,演唱
188459,千千阙歌(Live),6457,张国荣,演唱
29343372,有心人,6457,张国荣,演唱
186490,心跳呼吸正常,6457,张国荣,演唱
188489,风继续吹(Live),6457,张国荣,演唱
29343374,怪你过份美丽,6457,张国荣,演唱
187374,我,6457,张国荣,演唱
186421,追,6457,张国荣,演唱
186760,风再起时,6457,张国荣,演唱
186707,想你,6457,张国荣,演唱
188222,别话,6457,张国荣,演唱
187076,Monica(Live),6457,张国荣,演唱
187408,愿你决定,6457,张国荣,演唱
187786,最冷一天,6457,张国荣,演唱
188591,似水流年,6457,张国荣,演唱
186699,共同渡过,6457,张国荣,演唱
187564,左右手,6457,张国荣,演唱
186488,洁身自爱,6457,张国荣,演唱
186689,无心睡眠,6457,张国荣,演唱
187402,午后红茶,6457,张国荣,演唱
29343376,这些年来,6457,张国荣,演唱
186843,月亮代表我的心,6457,张国荣,演唱
186626,胭脂扣,6457,张国荣,演唱
186623,奔向未来日子,6457,张国荣,演唱
186820,路过蜻蜓,6457,张国荣,演唱
186852,春光乍泄,6457,张国荣,演唱
36861903,芳华绝代,6457,张国荣,演唱
26075328,寂寞夜晚,6457,张国荣,演唱
26075355,至少还有你(00Live)(live版),6457,张国荣,演唱
186693,拒绝再玩,6457,张国荣,演唱
186899,蝶变,6457,张国荣,演唱
29343361,暴风一族,6457,张国荣,演唱
187600,全世界只想你来爱我,6457,张国荣,演唱
26620787,今生今世,6457,张国荣,演唱
187083,为你钟情(Live),6457,张国荣,演唱
187527,你这样恨我,6457,张国荣,演唱
187382,侯斯顿之恋,6457,张国荣,演唱
188447,蓝色忧郁＋少女心事＋不羁的风＋Monica,6457,张国荣,演唱
31446066,无需要太多,6457,张国荣,演唱
187387,身边有人,6457,张国荣,演唱
31446072,侧面,6457,张国荣,演唱
186696,你在何地,6457,张国荣,演唱
186562,我未惊过,5782,许冠杰,演唱
26620747,AThousandDreamsOfYou,6457,张国荣,演唱
436514312,成都,6731,赵雷,演唱
202373,南方姑娘,6731,赵雷,演唱
29567189,理想,6731,赵雷,演唱
29567193,我们的时光,6731,赵雷,演唱
202369,画,6731,赵雷,演唱
29567192,少年锦时,6731,赵雷,演唱
447925059,阿刁,6731,赵雷,演唱
447926067,鼓楼,6731,赵雷,演唱
29567191,三十岁的女人,6731,赵雷,演唱
447925066,八十年代的歌,6731,赵雷,演唱
530995556,十九岁,6731,赵雷,演唱
29567187,吉姆餐厅,6731,赵雷,演唱
33166602,让我偷偷看你,6731,赵雷,演唱
447926063,朵,6731,赵雷,演唱
437608773,无法长大,6731,赵雷,演唱
447925058,玛丽,6731,赵雷,演唱
202368,未给姐姐递出的信,6731,赵雷,演唱
1295824647,彩虹下面,6731,赵雷,演唱
447926071,成都,6731,赵雷,演唱
28111471,已是两条路上的人,6731,赵雷,演唱
517567264,静下来,6731,赵雷,演唱
202377,妈妈,6731,赵雷,演唱
447925063,孤独,6731,赵雷,演唱
421563096,我们的时光,6731,赵雷,演唱
29567185,北京的冬天,6731,赵雷,演唱
459159128,理想(Live),6731,赵雷,演唱
29567190,梦中的哈德森,6731,赵雷,演唱
456185373,成都(Live),6731,赵雷,演唱
460628183,月亮粑粑(Live),6731,赵雷,演唱
202367,人家,6731,赵雷,演唱
433018042,南方姑娘(弹唱版),6731,赵雷,演唱
34852810,再也不会去丽江,6731,赵雷,演唱
29567194,小屋,6731,赵雷,演唱
447925067,再见北京,6731,赵雷,演唱
202376,背影,6731,赵雷,演唱
202370,不开的唇,6731,赵雷,演唱
447925070,无法长大,6731,赵雷,演唱
29567186,浮游,6731,赵雷,演唱
202375,开往北京的火车,6731,赵雷,演唱
202371,赵小雷,6731,赵雷,演唱
433018041,民谣,6731,赵雷,演唱
29810320,未给姐姐递出的信,6731,赵雷,演唱
29810321,画,6731,赵雷,演唱
447926068,窑上路,6731,赵雷,演唱
571338415,阿刁,6731,赵雷,演唱
202374,Over,6731,赵雷,演唱
553544127,南方姑娘(Live版),6731,赵雷,演唱
553546120,鼓楼(Live版),6731,赵雷,演唱
553546118,朵儿(Live版),6731,赵雷,演唱
553534113,画(Live版),6731,赵雷,演唱
516323185,这就是爱情,4393,李代沫,演唱
1369564749,勿忘,4393,李代沫,演唱
25650032,到不了,4393,李代沫,演唱
25650033,遗憾,4393,李代沫,演唱
1390453809,故事纯属虚构,4393,李代沫,演唱
25657364,我是不是你最疼爱的人,4393,李代沫,演唱
1371678719,你只是没那么爱我,4393,李代沫,演唱
25657367,我最亲爱的,4393,李代沫,演唱
1390453810,几年,4393,李代沫,演唱
25641187,如果没有你,4393,李代沫,演唱
26584214,骨子里的我,4393,李代沫,演唱
25657366,听说爱情回来过,4393,李代沫,演唱
28256943,爱情没有刚刚好,4393,李代沫,演唱
1379743753,谈谈,4393,李代沫,演唱
28048822,原来爱情没有刚刚好,4393,李代沫,演唱
26584213,爱过那张脸,4393,李代沫,演唱
26562177,简单的事,4393,李代沫,演唱
26562178,会说话的哑巴,4393,李代沫,演唱
26584211,他们,4393,李代沫,演唱
429348559,谢谢你,4393,李代沫,演唱
25657361,傻瓜,4393,李代沫,演唱
26584209,患者,4393,李代沫,演唱
516320185,你来我在,4393,李代沫,演唱
26584216,即客,4393,李代沫,演唱
26620215,不懂+你怎么舍得我难过+洋葱+爱我别走+我的未来不是梦,4393,李代沫,演唱
28211166,想神马有神马,166009,吴莫愁,演唱
28048820,两个人的事,4393,李代沫,演唱
28029425,取名回忆的时光,4393,李代沫,演唱
429348567,看透,4393,李代沫,演唱
25657368,千言万语,4393,李代沫,演唱
27906999,伤心童话,894070,熊猫团PandaBros,演唱
26584210,伤,4393,李代沫,演唱
429348560,那些歌词里的悲伤,4393,李代沫,演唱
26562176,贪图,4393,李代沫,演唱
429348563,单车,4393,李代沫,演唱
26584212,越发寂寞,4393,李代沫,演唱
26620209,爱与愁+过火,4393,李代沫,演唱
516321184,随遇而安,4393,李代沫,演唱
444269138,黯然销魂掌,4393,李代沫,演唱
25657365,爱我,4393,李代沫,演唱
25657369,感恩的心,4393,李代沫,演唱
26584208,不相信.爱情,4393,李代沫,演唱
25657362,哭了,4393,李代沫,演唱
516318191,孩子气,4393,李代沫,演唱
1390460601,想念成殇,4393,李代沫,演唱
1390453812,忆语流年,4393,李代沫,演唱
1390453813,越痛越爱,4393,李代沫,演唱
1383909588,夜行者,4393,李代沫,演唱
26584215,IBelieveICan,4393,李代沫,演唱
27698464,希望爱,4393,李代沫,演唱
1308818967,飘向北方(Live),13058503,尤长靖,演唱
1293951677,昨日青空,13058503,尤长靖,演唱
1401267982,连名带姓,13058503,尤长靖,演唱
1390853266,寂寞寂寞就好,13058503,尤长靖,演唱
1376140391,爱不由我,13058503,尤长靖,演唱
543988388,我怀念的(Live),13058503,尤长靖,演唱
548648087,戒烟(Live),13056456,陆定昊,演唱
1391676531,荒诞学家,13058503,尤长靖,演唱
1397695614,AZORAland,13058503,尤长靖,演唱
550136151,It'sOk(Live),13059447,林超泽,演唱
550136152,Forever(Live),13059454,徐圣恩,演唱
545589259,我永远记得(Live),12054456,董又霖,演唱
534539367,Can'tStop(A组现场版),13059448,吕晨瑜,演唱
1379646452,被劫持的思念,13058503,尤长靖,演唱
1399109069,城里的月光(Live),13058503,尤长靖,演唱
1369543213,神奇的汉字,13058503,尤长靖,演唱
1371167139,投己所好,13058503,尤长靖,演唱
1293905703,昨日青空(伴奏),13058503,尤长靖,演唱
1390853267,寂寞寂寞就好(伴奏),13058503,尤长靖,演唱
1401267985,连名带姓(伴奏),13058503,尤长靖,演唱
1412222520,到时见,13058503,尤长靖,演唱
1357825630,最近(正式版),29069586,王小帅,演唱
1350202699,最近-王小帅,29069586,王·小帅,演唱
1385642413,好心分手（完整版）（Cover：卢巧音）,29069586,王小帅,演唱
1350364033,最近(Live),29069586,王小帅,演唱
1394986596,犯错（Cover：祁隆）,29069586,王小帅,演唱
1407392529,挥着翅膀的女孩,29069586,王小帅,演唱
1358213641,盛夏的果实（Cover：莫文蔚）,29069586,王小帅,演唱
1379656441,好心分手（30秒版）（Cover：卢巧音）,29069586,王小帅,演唱
1399996150,囚鸟(Cover：张宇),29069586,王小帅,演唱
1350379390,《最近》抖音厕所版本（Cover：李圣杰）,29069586,王·小帅,演唱
1379654626,好心分手（厕所版）（Cover：卢巧音）,29069586,王小帅,演唱
1375712051,一个人走,29069586,王小帅,演唱
1408605348,年华里最美的都是错过,29069586,王小帅,演唱
1396920300,其实我并不快乐,29069586,王小帅,演唱
1370007762,亲爱的你在哪里,29069586,王小帅,演唱
1405878088,给昨天的自己,29069586,王小帅,演唱
1370007761,你好再见,29069586,王小帅,演唱
1358208389,胡广生（Cover：任素汐）,29069586,王小帅,演唱
1378989230,那些失眠的人(Demo),29069586,王小帅,演唱
1354113213,有你的地方是天堂（Cover：王羚柔）,29069586,王小帅,演唱
1303113048,你好再见(副歌demo）,29069586,王小帅,演唱
1369271780,有情人难成眷属(Demo),29069586,王小帅,演唱
1400258831,游子泪花,29069586,王小帅,演唱
1375708823,一个人走(伴奏),29069586,王小帅,演唱
1412022967,我爱他,29069586,王小帅,演唱
1408941731,R&BAllNight,12002201,HigherBrothers,演唱
1408941728,FacePower(feat.JacksonWang),12002201,HigherBrothers,演唱
1408944792,ILoveYou3000III,12002201,HigherBrothers,演唱
1408941727,Mr.Bentley,12002201,HigherBrothers,演唱
1408944790,LoveSong4Me,12002201,HigherBrothers,演唱
1408944791,IkHouVanJou(feat.Masiwei),12002201,HigherBrothers,演唱
1408941730,SecretDoor,12002201,HigherBrothers,演唱
1408944789,Bossy,12002201,HigherBrothers,演唱
1408944786,RolePlayingGame,12002201,HigherBrothers,演唱
1408941726,MafiaCashier,12002201,HigherBrothers,演唱
1408944788,Uncomfortable(feat.Masiwei),12002201,HigherBrothers,演唱
1408944785,Intro,12002201,HigherBrothers,演唱
1408941729,Bug,12002201,HigherBrothers,演唱
1408944787,HigherSpeedClub(feat.BABYBO),12002201,HigherBrothers,演唱
1403510842,HANGSHI,30003804,404RAPPER,演唱
864181200,52hz(Aliceversion),27868624,KnowKnow,演唱
1404479816,你耍不来,30003804,404RAPPER,演唱
1406954892,12,1086078,Ty.,演唱
424498333,BARap$tar,12236269,高天佐Trouble.Z,演唱
1392170171,UFO(prod.yunglando),31716141,ICEProud,演唱
1366479436,BeautifulGirlfeat.knowknow,27868624,KnowKnow,演唱
1392170170,Gone(prod.carismajor),29303235,PSY.P,演唱
1392162019,Loyal(prod.rocktee),27868624,KnowKnow,演唱
1396235002,废物（FREESTYLE）,27868624,KnowKnow,演唱
1405128613,OhMyBro,27868624,KnowKnow,演唱
1350642021,BAD,27868624,KnowKnow,演唱
1361705690,IFeelYoufeat.knowknow,27868624,KnowKnow,演唱
1400081197,HANDSOME,27868624,KnowKnow,演唱
1392170181,口袋头(prod.birdiebands),14807229,8uck,演唱
1297574344,NephewFreestyleremix,27868624,KnowKnow,演唱
1386169730,GlowedUp(feat.Dzknow&J.Mag),12087155,J.Mag,演唱
1392170183,羡慕(prod.newrichbrave),12200400,BABYBO,演唱
1368775378,Water,27868624,KnowKnow,演唱
467781992,Hustlealwaysontop,27868624,KnowKnow,演唱
1335375296,KnowKnow-Gemini（SweetT/KnowKnowremix）,27868624,KnowKnow,演唱
504708317,升级的过程remix,27868624,KnowKnow,演唱
1406041768,BIGFACE,27868624,KnowKnow,演唱
865891180,52hzremix,27868624,KnowKnow,演唱
865777234,52hzRemix(z7/knowknow),12923369,Wi-Fire,演唱
1356672617,KnowKnow-52hzremix（药瑞/WI$LDIN/KnowKnowremix）,27868624,KnowKnow,演唱
864929565,52Hz（BEVERLYMUSICRemix）,27868624,KnowKnow,演唱
1302266306,假情歌（52hzRemix）,27868624,KnowKnow,演唱
1405113568,哈麻批的歌,27868624,KnowKnow,演唱
864527850,52hz-Remix,27868624,KnowKnow,演唱
1326980995,打扰了（52HzRemix）,27868624,KnowKnow,演唱
1383292464,KnowKnow-Teextrañé.(52hzRemix)（BIGBO$$/KnowKnowremix）,27868624,KnowKnow,演唱
1308291113,金牛boy（52HzRemix）,27868624,KnowKnow,演唱
1370047789,我走后,30616479,小咪,演唱
1325896149,即兴,30616479,小咪,演唱
1361997765,眼里,30616479,小咪,演唱
1340400068,即兴(说唱版),30616479,小咪,演唱
1335545209,自己,30616479,小咪,演唱
1350113921,无需依靠,30616479,小咪,演唱
1384535630,十六,30616479,小咪,演唱
1325898153,即兴(伴奏),30616479,小咪,演唱
1366583598,眼里(520版),30616479,小咪,演唱
1370047790,我走后(伴奏),30616479,小咪,演唱
1340396641,即兴(说唱版伴奏),30616479,小咪,演唱
1335545210,自己(伴奏),30616479,小咪,演唱
1385628904,十六(伴奏),30616479,小咪,演唱
1350112999,无需依靠(伴奏),30616479,小咪,演唱
1362000702,眼里(伴奏),30616479,小咪,演唱
1366583599,眼里(520版伴奏),30616479,小咪,演唱
25643291,需要人陪,5346,王力宏,演唱
27713963,好心分手,5346,王力宏,演唱
25642125,你不知道的事,5346,王力宏,演唱
27483167,唯一,5346,王力宏,演唱
461864856,飘向北方,5346,王力宏,演唱
25643093,大城小爱(Live),5346,王力宏,演唱
5233037,另一个天堂,5346,王力宏,演唱
25643327,爱的就是你,5346,王力宏,演唱
5257150,雪人,5346,王力宏,演唱
25642139,春雨里洗过的太阳,5346,王力宏,演唱
5239564,你是我心内的一首歌,9438,任家萱,演唱
25642151,心跳,5346,王力宏,演唱
5268423,手牵手,9946,徐若瑄,演唱
25643275,美,5346,王力宏,演唱
25643227,爱你等于爱自己,5346,王力宏,演唱
25643359,龙的传人,5346,王力宏,演唱
25642788,不可能错过你,5346,王力宏,演唱
25642208,KISSGOODBYE(Live),5346,王力宏,演唱
25642119,火力全开,5346,王力宏,演唱
25643268,伯牙绝弦,5346,王力宏,演唱
25642227,花田错(Live),5346,王力宏,演唱
25642225,改变自己(Live),5346,王力宏,演唱
5257143,让我取暖,5346,王力宏,演唱
25643271,柴米油盐酱醋茶,5346,王力宏,演唱
25794006,OneShot,5346,王力宏,演唱
25794005,巴洛克先生,5346,王力宏,演唱
25642769,Julia,5346,王力宏,演唱
25642239,你不在(Live),5346,王力宏,演唱
28432280,你是我心內的一首歌,9438,任家萱,演唱
25642114,盖世英雄,5346,王力宏,演唱
422463810,FLOW,5346,王力宏,演唱
25642206,FOREVERLOVE(Live),5346,王力宏,演唱
25642258,一首简单的歌(Live),5346,王力宏,演唱
25643284,十八般武艺,5346,王力宏,演唱
25642800,流泪手心,5346,王力宏,演唱
25642252,心中的日月(Live),5346,王力宏,演唱
25643299,公转自转,5346,王力宏,演唱
32711685,花田錯Remix,5346,王力宏,演唱
33497018,KissGoodbye(Live),5346,王力宏,演唱
25642244,如果你听见我的歌(Live),5346,王力宏,演唱
25642223,第一个清晨(Live),5346,王力宏,演唱
5273791,和未来有约(原版),6070,游鸿明,演唱
28660644,比你更好(粤语版),5346,王力宏,演唱
33497013,ForeverLove(Live),5346,王力宏,演唱
25714320,十二生肖(Live),5346,王力宏,演唱
461518963,AttheBorder,5346,王力宏,演唱
25642261,在梅边(Live),5346,王力宏,演唱
27483170,安全感,5346,王力宏,演唱
33497035,花田错+心中的日月(Live),5346,王力宏,演唱
27591648,不要害怕,5346,王力宏,演唱
1349292048,心如止水,12121264,IcePaper,演唱
1321929928,7.棕旨,1199064,福克斯,演唱
1320100120,飞行随笔(AirplaneFreestyle),12065015,隆历奇,演唱
1394155242,红色-山河版,13415208,Max马俊,演唱
1327057005,6.白媚生,1194094,孤矢,演唱
1408761974,Free-Out2019cypher,12287768,BustaZun,演唱
1349279287,明争暗斗,1199064,福克斯,演唱
1342823472,鸦雀无声,12121264,IcePaper,演唱
1321929914,2.黄沙之下,12127507,Round_2,演唱
1340192075,断桥记,12121264,IcePaper,演唱
1327060656,3.绿洲,1124093,西奥Sio,演唱
1354037219,奈非天,12121264,IcePaper,演唱
1378061994,变相怪杰,12121264,IcePaper,演唱
1337549064,杀手修炼手册,12121264,IcePaper,演唱
864498975,中间人,12121264,IcePaper,演唱
1350571417,容身之地,12121264,IcePaper,演唱
1408763453,大四喜,12121264,IcePaper,演唱
1294144648,某人,12873540,Wizi.,演唱
1321933263,11.灰原哀,12193780,Kc,演唱
520448416,SayHello,12121264,IcePaper,演唱
574766780,寻找我,12121264,IcePaper,演唱
1321931465,12.橙汁,12121264,IcePaper,演唱
1327066230,5.红房间,12121264,IcePaper,演唱
1359803483,守夜人,12121264,IcePaper,演唱
1321926963,14.蓝伞,1209050,LilHowcy,演唱
524194019,WeDon'tNeedABreak,12127507,Round_2,演唱
1321941182,9.粉细胞,12121264,IcePaper,演唱
1376714769,失去,12121264,IcePaper,演唱
1407483956,把生活拍成电影,12121264,IcePaper,演唱
532754058,CaughtMyLove,12127507,Round_2,演唱
1321932349,10.青涩,12127507,Round_2,演唱
1354265120,不要链,12121264,IcePaper,演唱
1329843323,RunDatGame,12121264,IcePaper,演唱
529663080,怪圈,12121264,IcePaper,演唱
1381402610,海市蜃楼,12121264,IcePaper,演唱
511941850,没头脑和不高兴,12121264,IcePaper,演唱
1364399507,不知火,1194094,孤矢,演唱
1350571439,地狱变相,12121264,IcePaper,演唱
1349279435,斗转星移,12121264,IcePaper,演唱
517728418,灬,12121264,IcePaper,演唱
1345844541,声泪俱下,12121264,IcePaper,演唱
559745101,罗生门,12121264,IcePaper,演唱
1349285611,木石人心,12121264,IcePaper,演唱
1327059882,8.无法无天(Skit),12121264,IcePaper,演唱
1332958414,海之彼岸,12121264,IcePaper,演唱
1360470643,圣母院,12121264,IcePaper,演唱
1321928886,4.黑森林,187903,Mc光光,演唱
1327056638,1.无欲无求(Intro),12121264,IcePaper,演唱
1359607718,1MINRAP|PlayTheGame（遵守规则）Prod.ByIcePaper,12121264,IcePaper,演唱
1305475995,CityLight,12121264,IcePaper,演唱
1362247767,别叫我达芬奇,12493781,LilGhost小鬼,演唱
542690276,GOODNIGHT,12493781,LilGhost小鬼,演唱
1397674264,偏爱,12493781,LilGhost小鬼,演唱
1366506904,ComeBack,12493781,LilGhost小鬼,演唱
1297486087,Unicorn,12493781,LilGhost小鬼,演唱
1366506899,原来,12493781,LilGhost小鬼,演唱
543987405,Artist(Live),12120150,朱星杰,演唱
1366507978,Tiger,12493781,LilGhost小鬼,演唱
545592271,听听我说的吧(Live),13057676,李希侃,演唱
1323303573,I.W.A.B.N,12493781,LilGhost小鬼,演唱
1356455302,黑白,12493781,LilGhost小鬼,演唱
1351664505,上,12493781,LilGhost小鬼,演唱
1318879277,扑朔迷离(跑得快),12493781,LilGhost小鬼,演唱
1355916305,友情岁月(概念版),12493781,LilGhost小鬼,演唱
548648086,Zero(Live),13059437,黄新淳,演唱
503206163,新生代,12493781,LilGhost小鬼,演唱
1311347322,Unicorn(Live),12493781,LilGhost小鬼,演唱
1397673393,偏爱(伴奏),12493781,LilGhost小鬼,演唱
1297486088,Unicorn(伴奏),12493781,LilGhost小鬼,演唱
1323302540,I.W.A.B.N(伴奏),12493781,LilGhost小鬼,演唱
1318879278,扑朔迷离(跑得快)-伴奏,12493781,LilGhost小鬼,演唱
1351664507,上(伴奏),12493781,LilGhost小鬼,演唱
1356493268,黑白(伴奏),12493781,LilGhost小鬼,演唱
1356492547,黑白(和声伴奏),12493781,LilGhost小鬼,演唱
1408901673,到底要怎么样,12493781,LilGhost小鬼,演唱
1396162013,ILoveYou3000II,1083118,王嘉尔,演唱
501467216,Papillon,1083118,王嘉尔,演唱
1396163566,TequilaSunrise(feat.AUGUST08&GoldLink),916113,GoldLink,演唱
553813030,Dawnofus,1083118,王嘉尔,演唱
1339422595,Red,13145283,ICE,演唱
521416228,OKAY,1083118,王嘉尔,演唱
1329719925,ILoveIt,12046879,有谦,演唱
1391639224,BULLETTOTHEHEART,1083118,王嘉尔,演唱
1357425553,热爱就一起,1083118,王嘉尔,演唱
1396162005,Walking(feat.SwaeLee&MajorLazer),96309,MajorLazer,演唱
1357831544,Oxygen,1083118,王嘉尔,演唱
557583826,X,1083118,王嘉尔,演唱
566435267,Fendiman,1083118,王嘉尔,演唱
556207187,Can'tBreathe,12916250,StanSono,演唱
1393138460,爱(ILoveYou3000ChineseVersion),1083118,王嘉尔,演唱
1391665603,TITANIC(feat.RichBrian),12024301,RichBrian,演唱
1345651478,MKCircus,1083118,王嘉尔,演唱
1391666781,DWAY!,1083118,王嘉尔,演唱
1391665592,ONTHEROCKS,1083118,王嘉尔,演唱
1391665598,UNLESSI’MWITHYOU,1083118,王嘉尔,演唱
1391666791,BADBACK(feat.GoldLink),916113,GoldLink,演唱
1391666792,FADED,1083118,王嘉尔,演唱
1309814826,MadeIt,1083118,王嘉尔,演唱
1351225675,Hypey,1083118,王嘉尔,演唱
864639840,BruceLee李小龙,29500218,RED8红八,演唱
28254799,멈춰버린시간,1083118,王嘉尔,演唱
525240440,MOOD,1083118,王嘉尔,演唱
1345904106,BIMMERRIDE,1083118,王嘉尔,演唱
553595927,LuckyRain,1083118,王嘉尔,演唱
1375925621,Papillon(BOYTOYremix)[巴比龙(BOYTOY混音版)],1083118,王嘉尔,演唱
1371428499,Rumble,32528718,LilNei,演唱
502455412,九州天空城,1083118,王嘉尔,演唱
487590936,Generation2,1083118,王嘉尔,演唱
1329719930,Hunger,1083118,王嘉尔,演唱
1372370576,Another(Feat.王嘉尔),1083118,王嘉尔,演唱
1329719926,WOLO,12046879,有谦,演唱
1329719931,Phoenix,12046879,有谦,演唱
1366748981,BruceLee(Prod.FaderOne),12259963,FADERFAM,演唱
407889805,보름달(Live),1083118,王嘉尔,演唱
1331968665,Hello,1083118,王嘉尔,演唱
1329719939,MadeIt,1083118,王嘉尔,演唱
556203207,Papillon,1083118,王嘉尔,演唱
416531573,이럴거면그러지말지(Live),1083118,王嘉尔,演唱
1371467066,Rumble,32528718,LilNei,演唱
1411798801,FADED(Live),1083118,王嘉尔,演唱
28111646,只是太爱你,6462,张敬轩,演唱
189323,断点,6462,张敬轩,演唱
5250048,吻得太逼真,6462,张敬轩,演唱
188550,春秋,6462,张敬轩,演唱
189140,酷爱,6462,张敬轩,演唱
188384,樱花树下,6462,张敬轩,演唱
25727428,少女的祈祷,6462,张敬轩,演唱
188522,爱的故事上集(Live),4947,孙耀威,演唱
188878,不吐不快,6462,张敬轩,演唱
188552,衬,6462,张敬轩,演唱
28138170,尘埃落定,6462,张敬轩,演唱
189238,无能为力,6462,张敬轩,演唱
188649,后来(国)(Live),6462,张敬轩,演唱
188556,石径,8979,麦家瑜,演唱
188376,披星戴月,6462,张敬轩,演唱
28111630,骚灵情歌,6462,张敬轩,演唱
25727424,值得,6462,张敬轩,演唱
188491,遇见(国)(Live),6462,张敬轩,演唱
189207,过云雨,6462,张敬轩,演唱
189155,我的天,6462,张敬轩,演唱
189243,MyWay,6462,张敬轩,演唱
188815,听说爱情回来过(Live),6462,张敬轩,演唱
189161,悲剧人物,6462,张敬轩,演唱
28111645,余震,6462,张敬轩,演唱
28111634,他的故事,6462,张敬轩,演唱
188788,假如让你吻下去(Live),6462,张敬轩,演唱
188397,摄氏零度,6462,张敬轩,演唱
28111625,留低锁匙,6462,张敬轩,演唱
189181,笑忘书,6462,张敬轩,演唱
188835,为何他会离开你(Live),6462,张敬轩,演唱
5240868,吻得太逼真/酷爱(Live),3685,林宥嘉,演唱
28111648,怎么可,6462,张敬轩,演唱
189349,期待,6462,张敬轩,演唱
188365,DEADLINE,6462,张敬轩,演唱
189143,追风筝的孩子,6462,张敬轩,演唱
28111610,单打独斗,6462,张敬轩,演唱
188254,井,6462,张敬轩,演唱
28111649,壮举,6462,张敬轩,演唱
29023561,追(Live),6462,张敬轩,演唱
188568,隔夜茶,6462,张敬轩,演唱
5247634,至少还有你,6462,张敬轩,演唱
188791,诱惑的街(Live),6462,张敬轩,演唱
188391,婚纱背后,6462,张敬轩,演唱
188976,钟无艳(Live),6462,张敬轩,演唱
5241979,那些感动过人的情歌Medley(Live),2116,陈奕迅,演唱
188625,那么爱你为什么(国)(Live),6462,张敬轩,演唱
25727421,夜机,6462,张敬轩,演唱
188308,蔓珠莎华(Live),6462,张敬轩,演唱
188832,爱上一个不回家的人(Live),6462,张敬轩,演唱
189151,男孩最痛,6462,张敬轩,演唱
562118482,庆功酒(JungleJuice),12065015,隆历奇,演唱
1405207289,活死人2019Cypher,865007,法老,演唱
1377519495,FollowMe(Live),12173394,咏者OGCJM,演唱
1387629743,WokenDay,12287129,小精灵,演唱
1326219439,上天入地,12065015,XXLOKI,演唱
1303079913,活死人2018Cypher,12099063,LilAndy,演唱
865048685,爱(LOVE.),12065015,XXLOKI,演唱
1408082062,她(WenYan),1049443,祁紫檀,演唱
1405292993,侠（XIA.）,12394426,李丁丁MIAAIM,演唱
1387615548,WeAreYoung(Live),1199064,福克斯,演唱
1335257558,异乡人remix,12065015,XXLOKI,演唱
1383211743,小城市的大人物(Live),1199064,福克斯,演唱
1326212787,春暖花开（活死人版凛冬将至）,865007,法老,演唱
537627444,撒娇(Prod.by10K),12039151,10K,演唱
1320097108,万里挑一(Yin-Yang),12065015,隆历奇,演唱
1377556924,酒过三巡(Cheers),1199064,福克斯,演唱
516421734,啸江湖(Prod.byWarRonZ),12065015,XXLOKI,演唱
1359507281,逍遥游,1199064,福克斯,演唱
485967984,世界末日Remix,1199064,福克斯,演唱
1395577272,惨绿少年,32537205,马王HorseKing,演唱
1315616232,夕阳西下,12148091,Hayrul海力,演唱
1320100122,谢谢你(ThankU),12065015,隆历奇,演唱
1399712957,我和我的祖国,12157298,刘炫廷,演唱
1383937363,江山美人,12184568,卫彬月,演唱
1351940189,戴斯特你(Destiny),12065015,隆历奇,演唱
1338938846,丝绸,12471974,Joannne,演唱
864647890,决定(MyDecision),12065015,XXLOKI,演唱
1380312729,兄弟们上！(Live),12084020,嘿人李逵Noisemakers,演唱
1383050992,谢你不屑,1199064,福克斯,演唱
489481330,浮生如梦,12039151,10K,演唱
523176692,淌过山间的人(Prod.by10K),927045,单海锋,演唱
1387615527,TIME(Live),1199064,福克斯,演唱
1382385609,异乡人Remix,12065015,隆历奇,演唱
1378642564,文武双全,1039882,Nellee,演唱
556135526,战斗,12294124,戾仁Lyrin,演唱
1404198856,清水翔太-信（DREAMremix）（活死人/小精灵/福克斯remix）,1199064,福克斯,演唱
461473716,他们总说,12473008,bzboy,演唱
1334296108,I’mnotakiller,12853601,张迪,演唱
510535382,Respect&Haters(Prod.byWarRonZ),12065015,XXLOKI,演唱
521797953,追,1199064,福克斯,演唱
1393447118,HorseKingCypher2019,1199064,福克斯,演唱
562119528,鼎(Culture),12065015,XXLOKI,演唱
1387337471,王炸,1199064,福克斯,演唱
1381764098,第一轮现实VS梦想,12358200,Doooboi,演唱
498761139,家,12065015,XXLOKI,演唱
562124296,战斗Pt.2(WhyWeFight),13153646,K￥LLER,演唱
1374086418,将军府(2019CypherOfYNC.),12039151,10K,演唱
1369303149,放生（Cover：范逸臣）,28602303,陈阳,演唱
1353785994,爱要坦荡荡（Cover：萧潇）,28602303,陈阳,演唱
1377005412,甜不辣（Cover：郑国锋）,28602303,陈阳,演唱
1377981143,不值得（Cover：梦飞船）,28602303,陈阳,演唱
1339232756,口是心非（Cover：张雨生）,28602303,陈阳,演唱
1352045218,环游星空（Cover：Gifty）,28602303,陈阳,演唱
1363592785,痴心绝对(吉他弹唱版）（Cover：李圣杰）,28602303,陈阳,演唱
1363592859,我愿（Cover：阿虾）,28602303,陈阳,演唱
1359028641,娃娃脸（Cover：后弦）,28602303,陈阳,演唱
1377981131,蝴蝶泉边（Cover：黄雅莉）,28602303,陈阳,演唱
1363592853,心安理得（Cover：王天戈）,28602303,陈阳,演唱
1392328336,此生不换（Cover：青鸟飞鱼）,28602303,陈阳,演唱
1392317884,你瞒我瞒(吉他弹唱版）（Cover：陈柏宇）,28602303,陈阳,演唱
1401596410,爱丫爱丫（Cover：By2）,28602303,陈阳,演唱
1396377106,你走以后（Cover：王恩信Est）,28602303,陈阳,演唱
1396377126,时迁（Cover：耳朵玥）,28602303,陈阳,演唱
1376994010,4U(吉他弹唱版）（Cover：Vinida万妮达）,28602303,陈阳,演唱
1383966924,夜半（Cover：谢宇伦）,28602303,陈阳,演唱
1377961945,耿（Cover：汪苏泷）,28602303,陈阳,演唱
1363593434,岁月神偷（Cover：金玟岐）,28602303,陈阳,演唱
1392317882,想自由（Cover：林宥嘉）,28602303,陈阳,演唱
1363592896,你的姑娘（吉他弹唱版）（Cover：隔壁老樊）,28602303,陈阳,演唱
1358575160,有一种悲伤（Cover：A-Lin）,28602303,陈阳,演唱
1383967649,圈住你（Cover：一口甜）,28602303,陈阳,演唱
1401596411,后继者（Cover：任然）,28602303,陈阳,演唱
1401595021,有幸（Cover：赵砚卿）,28602303,陈阳,演唱
1351841862,杀死那个石家庄人（Cover：万能青年旅店）,28602303,陈阳,演唱
1396375920,带我走（Cover：杨丞琳）,28602303,陈阳,演唱
1363593578,像鱼（Cover：王贰浪）,28602303,陈阳,演唱
1383966981,风度（Cover：汪苏泷）,28602303,陈阳,演唱
1383967643,孤身（Cover：徐秉龙）,28602303,陈阳,演唱
1359028632,我还有点糊涂（弹唱版熊出没主题曲）（Cover：刘晨）,28602303,陈阳,演唱
1377005454,四块五（Cover：隔壁老樊）,28602303,陈阳,演唱
1359028597,爱有双重魔力（Cover：By2）,28602303,陈阳,演唱
1396377129,表态（Cover：梁博）,28602303,陈阳,演唱
1396377122,拾忆（Cover：张翰）,28602303,陈阳,演唱
1346157571,妓和不如（Cover：隔壁老樊）,28602303,陈阳,演唱
1377005532,我走后（Cover：小咪）,28602303,陈阳,演唱
1383967651,爱的华尔兹（Cover：郑爽）,28602303,陈阳,演唱
1392328308,除了爱情春天和樱花（Cover：High4）,28602303,陈阳,演唱
1392328311,山楂树之恋（吉他弹唱版）（Cover：大能人）,28602303,陈阳,演唱
1345901541,忽而今夏（Cover：汪苏泷）,28602303,陈阳,演唱
1369292691,晚安（Cover：颜人中）,28602303,陈阳,演唱
1376999652,人间不值得（Cover：黄诗扶）,28602303,陈阳,演唱
1359026894,和你（Cover：余佳运）,28602303,陈阳,演唱
1392328323,烟雨行舟（Cover：伦桑）,28602303,陈阳,演唱
1377961952,等你喜欢我（Cover：姜鹏Calm）,28602303,陈阳,演唱
1401597033,审判（Cover：Felicia蔡菲凡）,28602303,陈阳,演唱
1396375932,简简单单（Cover：林俊杰）,28602303,陈阳,演唱
1369285044,奇迹再现（Cover：毛华锋）,28602303,陈阳,演唱
1388357890,圈住你,31255686,巧乐兹,演唱
1399871382,没有什么不同（完整版）（Cover：曲婉婷）,31255686,巧乐兹,演唱
1390729003,圈住你（伴奏）,31255686,巧乐兹,演唱
167975,曾经的你,5770,许巍,演唱
168091,蓝莲花,5770,许巍,演唱
167880,像风一样自由,5770,许巍,演唱
168053,故乡,5770,许巍,演唱
167802,旅行,5770,许巍,演唱
167897,执着,5770,许巍,演唱
168087,完美生活,5770,许巍,演唱
168089,时光,5770,许巍,演唱
167751,家,5770,许巍,演唱
168153,那一年,5770,许巍,演唱
168097,漫步,5770,许巍,演唱
25657384,世外桃源,5770,许巍,演唱
1303026566,我的爱,5770,许巍,演唱
25657380,空谷幽兰,5770,许巍,演唱
168147,温暖,5770,许巍,演唱
25657385,救赎之旅,5770,许巍,演唱
25657383,喜悦,5770,许巍,演唱
167766,难忘的一天,5770,许巍,演唱
167774,少年,5770,许巍,演唱
29732733,永隔一江水,4721,朴树,演唱
167747,我们,5770,许巍,演唱
167842,礼物,5770,许巍,演唱
168142,九月,5770,许巍,演唱
168100,星空,5770,许巍,演唱
168143,方向,5770,许巍,演唱
25657379,此时此刻,5770,许巍,演唱
167743,故事,5770,许巍,演唱
25657376,逍遥行,5770,许巍,演唱
167770,四季,5770,许巍,演唱
167871,晴朗,5770,许巍,演唱
167820,每一刻都是崭新的,5770,许巍,演唱
25657377,灵岩,5770,许巍,演唱
1375468239,第三极(2016三亚理想音乐节Live),5770,许巍,演唱
25657378,爱情,5770,许巍,演唱
168158,我的秋天,5770,许巍,演唱
168020,树,5770,许巍,演唱
168145,浮躁,5770,许巍,演唱
168085,天鹅之旅,5770,许巍,演唱
168161,我思念的城市,5770,许巍,演唱
168160,在别处,5770,许巍,演唱
5262805,光明之门,5770,许巍,演唱
167901,两天,5770,许巍,演唱
168151,情人,5770,许巍,演唱
167899,青鸟,5770,许巍,演唱
168103,平淡,5770,许巍,演唱
167874,彩虹,5770,许巍,演唱
168165,水妖,5770,许巍,演唱
167737,爱,5770,许巍,演唱
168164,青鸟II,5770,许巍,演唱
25657382,心愿,5770,许巍,演唱
210049,布拉格广场,6452,周杰伦,演唱
536570450,魔术与歌曲：告白气球,13228454,蔡威泽,演唱
298317,屋顶,6452,周杰伦,演唱
255020,刀马旦,6452,周杰伦,演唱
210062,骑士精神,6452,周杰伦,演唱
5257138,屋顶,9612,温岚,演唱
406346416,海盗,6452,周杰伦,演唱
298101,祝我生日快乐(Live),6452,周杰伦,演唱
186064,刀马旦,8331,李玟,演唱
29393641,布拉格广场,6452,周杰伦,演唱
288382,康定情歌,6456,周华健,演唱
298110,屋顶,6452,周杰伦,演唱
34167344,眼泪成诗(Live),9272,孙燕姿,演唱
29808783,夜店咖,6452,周杰伦,演唱
185750,刀马旦,8331,李玟,演唱
288820,结尾曲-友谊地久天长(Live),6452,周杰伦,演唱
288750,山歌好比春江水.多谢了(Live),6452,周杰伦,演唱
288371,黄浦江深,6452,周杰伦,演唱
5257160,刀马旦,8331,李玟,演唱
1372847156,刀马旦,6452,周杰伦,演唱
29393649,刀马旦,6452,周杰伦,演唱
254832,刀马旦,6452,周杰伦,演唱
5268828,刀马旦,8331,李玟,演唱
254942,刀马旦,6452,周杰伦,演唱
1306459970,十七岁,3691,刘德华,演唱
29723022,暗里着迷(粤),3691,刘德华,演唱
29723028,一起走过的日子(粤),3691,刘德华,演唱
29723041,17岁(粤),3691,刘德华,演唱
554191989,练习,3691,刘德华,演唱
110184,谢谢你的爱,3691,刘德华,演唱
112908,来生缘,3691,刘德华,演唱
110146,我恨我痴心,3691,刘德华,演唱
110761,世界第一等(Live),3691,刘德华,演唱
110397,冰雨(Live),3691,刘德华,演唱
29723024,笨小孩(国),3691,刘德华,演唱
110740,忘情水(Live),3691,刘德华,演唱
1306459977,男人哭吧不是罪,3691,刘德华,演唱
65487,兄弟,3691,刘德华,演唱
113586,情感的禁区,3691,刘德华,演唱
109739,天意(Live),3691,刘德华,演唱
29723039,无间道(粤),3691,刘德华,演唱
1306459976,黑蝙蝠中队,3691,刘德华,演唱
29723035,爱你一万年(国),3691,刘德华,演唱
110743,中国人(Live),3691,刘德华,演唱
399504041,缘尽,3691,刘德华,演唱
30474601,开心的马骝(2007中国巡回演唱会),3691,刘德华,演唱
5277180,最好的声音,9621,王菲,演唱
110706,独自去偷欢(Live),3691,刘德华,演唱
111106,上海滩(Live),3691,刘德华,演唱
402428212,如果你是我的传说,3691,刘德华,演唱
109751,孤星泪(Live),3691,刘德华,演唱
1374483148,兄弟不怀疑,2844,古天乐,演唱
36953934,祝福你,2522,杜德伟,演唱
1306459968,鸽子情缘,3691,刘德华,演唱
110372,假装(Live),3691,刘德华,演唱
110731,浪子心声(Live),3691,刘德华,演唱
29723023,你是我的女人(粤),3691,刘德华,演唱
27927147,123木头人,187190,叶童,演唱
64787,一生何求,8386,黎姿,演唱
110155,可不可以,3691,刘德华,演唱
110749,他的女人(Live),3691,刘德华,演唱
110172,再吻我吧,3691,刘德华,演唱
1321392631,MyLove,3691,刘德华,演唱
30967197,回家的路(Live),3691,刘德华,演唱
5250128,难说再见,3688,刘欢,演唱
29723046,恭喜发财之一家人,3691,刘德华,演唱
29723029,牧笛(国),3691,刘德华,演唱
112330,情是那么笨,3691,刘德华,演唱
110159,绝望的笑容,3691,刘德华,演唱
110423,仍唱我的歌(Live),3691,刘德华,演唱
112326,我终于失去,3691,刘德华,演唱
109749,真永远(Live),3691,刘德华,演唱
113495,亲爱的小孩,3691,刘德华,演唱
1370007645,夜半（完整版）（Cover：谢宇伦）,12091048,王泽科,演唱
1364197430,心安理得(完整版)(cover：王天戈）,12091048,王泽科,演唱
1363972365,晚安（片段）（Cover：颜人中）,12091048,王泽科,演唱
1391491741,有幸（Cover：赵砚卿）,12091048,王泽科,演唱
865361943,拾忆（Cover：张翰）,12091048,王泽科,演唱
1336299984,原来(抖音版）（Cover：林东）,12091048,王泽科,演唱
1377896834,没有人心疼我（Cover：方宇杰）,12091048,王泽科,演唱
1358188525,心安理得（DJ）（Cover：王天戈）,12091048,王泽科,演唱
1332647902,说谎（抖音版）（Cover：林宥嘉）,12091048,王泽科,演唱
1374660757,晚安（完整版）（Cover：颜人中）,12091048,王泽科,演唱
1368400077,孤身（Cover：徐秉龙）,12091048,王泽科,演唱
1360604856,心安理得（片段版）（cover:王天戈）,12091048,王泽科,演唱
1402685649,爱在日出前（Cover：吴昊）,12091048,王泽科,演唱
1388800785,最后一页（Cover：群星）,12091048,王泽科,演唱
1379241817,离岸（Cover：苏晗）,12091048,王泽科,演唱
1406130579,走在冷风中（Cover：刘思涵）,12091048,王泽科,演唱
1365032837,错的人(片段版)（Cover：萧亚轩）,12091048,王泽科,演唱
1365666545,夜半（片段）（Cover：谢宇伦）,12091048,王泽科,演唱
1404234652,无关于你（Cover：乔佳旭）,12091048,王泽科,演唱
1392729979,嗜好（Cover：颜人中）,12091048,王泽科,演唱
1387494611,这一生关于你的风景（Cover：枯木逢春）,12091048,王泽科,演唱
1395174285,一个人想着一个人（Cover：群星）,12091048,王泽科,演唱
1356124253,有一种悲伤（Cover：A-Lin）,12091048,王泽科,演唱
513357876,靠近,12091048,王泽科,演唱
1301400494,戒烟（Cover：李荣浩）,12091048,王泽科,演唱
1378491638,孤单心事（Cover：颜人中）,12091048,王泽科,演唱
424264595,分手仍怀恋,29810013,优棠,演唱
1383552876,分手的距离（Cover：群星）,12091048,王泽科,演唱
1388120187,该不该（Cover：莫智钦）,12091048,王泽科,演唱
1402685641,你点亮的黑（Cover：董嘉鸿）,12091048,王泽科,演唱
1380902100,最爱的那个人（Cover：炼金娘）,12091048,王泽科,演唱
1369609326,最后没有你（片段）（Cover：周星辰）,12091048,王泽科,演唱
1325873607,不舍（Cover：杨梓霖）,12091048,王泽科,演唱
531686658,我多喜欢你，你会知道（Cover王俊琪）,12091048,王泽科,演唱
1373843514,两面人（Cover：李浩纶）,12091048,王泽科,演唱
1375247118,隔离区（片段）（Cover：梁铭琛）,12091048,王泽科,演唱
437292583,怎么办心好痛,12091048,王泽科,演唱
513360896,靠近(伴奏),12091048,王泽科,演唱
1383954630,HeyKONG,1159101,$CC731,演唱
1405135261,没钥匙的锁,1159101,$CC731,演唱
1384570306,HeyKong(Live),12788674,刘聪KEY.L,演唱
1395632515,MYBOO,1159101,$CC731,演唱
485508366,孤独症DEMO,12788674,刘聪KEY.L,演唱
1294467974,长沙HOOD,1159101,$CC731,演唱
1334473377,两个世界,1159101,$CC731,演唱
1337032503,夜寞寂Kimoji,1159101,$CC731,演唱
1383211739,FlyAway(ft.KEY.L刘聪/刘炫廷)(Live),12157298,刘炫廷,演唱
1329475622,Life'samovie,12127712,梁笑生AIRBUS130,演唱
1386079854,黄土高坡TRAP(Live),12788674,刘聪KEY.L,演唱
1377785184,斗地主,12127712,梁笑生AIRBUS130,演唱
518511084,Monica,12059091,BBC,演唱
1321841207,天命之军,12127712,梁笑生AIRBUS130,演唱
1386582919,黄土高坡Trap,1124093,西奥Sio,演唱
1295724562,哥们Freestyle,12788674,刘聪KEY.L,演唱
527625395,宇宙摩天轮,12072073,GoshMusic,演唱
1374647512,江湖流(Live),12788674,刘聪KEY.L,演唱
516857815,二手摩托,12127712,梁笑生AIRBUS130,演唱
466023457,HOLDMAHAND,12788674,刘聪KEY.L,演唱
1384562913,Life'samovie(Live),12788674,刘聪KEY.L,演唱
530623382,半吊子,12788674,刘聪KEY.L,演唱
1380689048,Hadouken!,1007061,Anti-General,演唱
1331448190,离家出走,12127712,梁笑生AIRBUS130,演唱
1380312742,Hadoken(Live),12788674,刘聪KEY.L,演唱
1380312787,长沙HOOD(Live),12788674,刘聪KEY.L,演唱
525956078,逍遥FLOW,12127712,梁笑生AIRBUS130,演唱
1386080662,天地之心(Live),12788674,刘聪KEY.L,演唱
1333018503,黑色的梦,12059091,BBC,演唱
1336864187,KEYtoL,1159101,$CC731,演唱
479174338,阿萨辛摇篮曲（cleanversion）,12788674,刘聪KEY.L,演唱
1378103322,斗地主之无影无踪,1212034,Jr-Jasur,演唱
537327000,桃花结,12788674,刘聪KEY.L,演唱
1336856193,小黑屋,12077010,牧羊少年,演唱
544943143,桃花结之亲密爱人,12059091,BBC,演唱
862102679,沙漠之花(feat.Key.L),12788674,刘聪KEY.L,演唱
1373168822,KEY.L阿卡贝拉(live),12788674,刘聪KEY.L,演唱
1381764127,第二轮名气VS实力,13899303,杨和苏KeyNG,演唱
1336856225,未婚妈妈,12077010,牧羊少年,演唱
532364198,同路人,12453329,功夫胖KungFuPen,演唱
1351291806,CSC4REAL,12077010,牧羊少年,演唱
1336866896,泡泡范特西,12788674,刘聪KEY.L,演唱
523128664,港口,12059091,BBC,演唱
541277527,行运一条龙,12788674,刘聪KEY.L,演唱
1381764130,第三轮潮流VS跟风,12605500,大傻DamnShine,演唱
552280516,绿林好汉,12127712,梁笑生AIRBUS130,演唱
543698255,醒来,12453329,功夫胖KungFuPen,演唱
1317427127,不知道DEMO,12788674,刘聪KEY.L,演唱
1317410461,沙漠之花,12788674,刘聪KEY.L,演唱
28815250,平凡之路,4721,朴树,演唱
139357,生如夏花,4721,朴树,演唱
139377,那些花儿,4721,朴树,演唱
26090155,送别,4721,朴树,演唱
484732973,NoFearInMyHeart,4721,朴树,演唱
139371,NewBoy,4721,朴树,演唱
139385,白桦林,4721,朴树,演唱
475072295,清白之年,4721,朴树,演唱
1406427647,在希望田,4721,朴树,演唱
442869386,Baby，Досвидания,4721,朴树,演唱
139359,且听风吟,4721,朴树,演唱
518896134,猎户星座,4721,朴树,演唱
35345951,好好地,4721,朴树,演唱
33419478,在木星,4721,朴树,演唱
475073278,Foreveryoung,4721,朴树,演唱
475073280,Thefearinmyheart,4721,朴树,演唱
139361,她在睡梦中,4721,朴树,演唱
518894126,空帆船,4721,朴树,演唱
139375,在希望的田野上,4721,朴树,演唱
475073277,狗屁青春,4721,朴树,演唱
518904117,Track07,4721,朴树,演唱
139342,我爱你，再见,4721,朴树,演唱
475072294,Neverknowstomorrow,4721,朴树,演唱
139366,冲出你的窗口,4721,朴树,演唱
139381,旅途,4721,朴树,演唱
139351,ColorfulDays,4721,朴树,演唱
518894128,ForeverYoung,4721,朴树,演唱
139348,来不及,4721,朴树,演唱
1359357616,她在睡梦中remix,4721,朴树,演唱
139339,傻子才悲伤,4721,朴树,演唱
139345,傲慢的上校,4721,朴树,演唱
518904116,XX青春,4721,朴树,演唱
139391,火车开往冬天,4721,朴树,演唱
139390,九月,4721,朴树,演唱
500665343,我去2000年(Live),4721,朴树,演唱
139383,别，千万别,4721,朴树,演唱
139328,Hey，我在,4721,朴树,演唱
139334,RadioInMyHead,4721,朴树,演唱
139360,LaPerte(失去),4721,朴树,演唱
139387,活着,4721,朴树,演唱
139353,今夜的滋味,4721,朴树,演唱
518895138,NeverKnowsTomorrow,4721,朴树,演唱
139373,妈妈，我...,4721,朴树,演唱
139389,召唤,4721,朴树,演唱
191328,世界尽头,4721,朴树,演唱
553544166,"Baby,Досвидания(Live版)",4721,朴树,演唱
500665344,妈妈，我…(Live),4721,朴树,演唱
139355,苏珊的舞鞋,4721,朴树,演唱
526464651,生如夏花+平凡之路,4721,朴树,演唱
190499,给你们,6469,张宇,演唱
190526,月亮惹的祸,6469,张宇,演唱
190246,囚鸟,6469,张宇,演唱
190495,雨一直下,6469,张宇,演唱
190241,曲终人散,6469,张宇,演唱
190778,用心良苦,6469,张宇,演唱
27583525,趁早,6469,张宇,演唱
190690,一言难尽,6469,张宇,演唱
190532,小小的太阳,6469,张宇,演唱
28427734,袖手旁观,6469,张宇,演唱
190643,男人的好,6469,张宇,演唱
28427726,我是真的爱你,6469,张宇,演唱
190234,大女人,6469,张宇,演唱
190165,心术,6469,张宇,演唱
472752184,勇敢说再见,7896,黄小琥,演唱
190496,走样,6469,张宇,演唱
28427751,迷迭香,6469,张宇,演唱
28427788,假行僧,6469,张宇,演唱
28341143,20岁的眼泪,6469,张宇,演唱
190180,伞下,6469,张宇,演唱
190582,一个人的天荒地老,6469,张宇,演唱
430208761,追梦人+野百合也有春天+鹿港小镇+沉默的表示+爱的箴言+是否,7063,A-Lin,演唱
190727,回头太难,6469,张宇,演唱
190559,单恋一枝花,6469,张宇,演唱
190329,傻瓜与野丫头,9962,徐熙娣,演唱
190404,情有独钟,6469,张宇,演唱
34614284,张三的歌,6469,张宇,演唱
177309,用尽一生的爱,6075,庾澄庆,演唱
28427781,浪人情歌,6469,张宇,演唱
5275426,回心转意,6469,张宇,演唱
28427773,祝我幸福(Live),6469,张宇,演唱
190400,猜心,6469,张宇,演唱
190434,千金难买,6469,张宇,演唱
191063,女人到底想什么,6472,张杰,演唱
190594,沙漠海,6469,张宇,演唱
190658,消息,6469,张宇,演唱
229973,预言,6469,张宇,演唱
190213,圆谎,6469,张宇,演唱
28391019,伤心的人别听慢歌+舞娘(Live),2148,陈志朋,演唱
190205,替身,6469,张宇,演唱
190510,当时,6469,张宇,演唱
28427758,离爱不远,6469,张宇,演唱
190209,爱过境迁,6469,张宇,演唱
29122712,缘散缘聚,6469,张宇,演唱
190230,没关系,6469,张宇,演唱
190275,爱情条约,6469,张宇,演唱
190757,这一生我只牵你的手,6469,张宇,演唱
190793,割心,6469,张宇,演唱
33414660,旅程,6469,张宇,演唱
190677,蛋佬的棉袄,6469,张宇,演唱
413812448,大鱼,1030001,周深,演唱
1371939273,亲爱的旅人啊（Cover：木村弓）,1030001,周深,演唱
30903117,漂洋过海来看你,1030001,周深,演唱
1407599316,念念有词,1030001,周深,演唱
1401790402,愿得一心人,1030001,周深,演唱
1325897863,缘起(前世今生版),1030001,周深,演唱
864107063,来不及勇敢,1030001,周深,演唱
28947060,胆小鬼,1030001,周深,演唱
479850552,"一期一会《未闻花名》（Cover茅野愛衣,戸松遥,早見沙織）",1030001,周深,演唱
29759370,卷珠帘,1030001,周深,演唱
1387564796,避难所/Sanctuary,1030001,周深,演唱
514765774,蓝色降落伞,1030001,周深,演唱
1317457541,对不起,1030001,周深,演唱
484058255,浓情淡如你,1030001,周深,演唱
497745126,小小,1030001,周深,演唱
1401095609,过尽千帆,1030001,周深,演唱
1348548947,此生惟你,1030001,周深,演唱
516818090,一缕执念,1030001,周深,演唱
29818791,LetItGo(九语男版),1030001,周深,演唱
29759371,匆匆那年,1030001,周深,演唱
29737757,P.S.我爱你,1030001,周深,演唱
485607480,不说话,1030001,周深,演唱
554245290,无关,1030001,周深,演唱
29737762,你被写在我的歌里,1030001,周深,演唱
30394744,平凡之路,1030001,周深,演唱
516818089,风景,1030001,周深,演唱
36229078,叶子,1030001,周深,演唱
424262164,临安初雨,1030001,周深,演唱
1374476062,为爱追寻,1030001,周深,演唱
1397449049,东游,1030001,周深,演唱
514055820,何处是天涯,1030001,周深,演唱
516320327,浅浅,1030001,周深,演唱
1346724193,歌曲：月光,13683259,王凯,演唱
1327174492,楼台,1030001,周深,演唱
1399132271,云裳羽衣曲,1030001,周深,演唱
34690470,玫瑰与小鹿,1030001,周深,演唱
562597286,等着我,1030001,周深,演唱
29737760,清平调,1030001,周深,演唱
1300381897,没有说完的故事,1030001,周深,演唱
29737765,LoveYouLikeALoveSong,1030001,周深,演唱
36229074,花样年华,3752,李维,演唱
1404730216,我的祖国,1030001,周深,演唱
29761122,偶然,1030001,周深,演唱
574925689,梦留别,1030001,周深,演唱
29737759,Burning,1030001,周深,演唱
1309903374,梦回神都,1030001,周深,演唱
516827032,哥哥,1030001,周深,演唱
29737767,Criminal,1030001,周深,演唱
36229071,往事只能回味,3752,李维,演唱
545829571,好运来（Cover：祖海）,12308136,纳豆,演唱
191528,够钟,6479,周柏豪,演唱
27646409,你还怕大雨吗(国语),6479,周柏豪,演唱
191508,走狗,6479,周柏豪,演唱
400075263,传闻,6479,周柏豪,演唱
191534,宏愿,6479,周柏豪,演唱
191560,一事无成,10580,郑融,演唱
30245576,小白,6479,周柏豪,演唱
27646405,我的宣言,6479,周柏豪,演唱
1395987557,让爱高飞,6479,周柏豪,演唱
29379544,还记得,6479,周柏豪,演唱
29129735,到此为止(iTunesSession),6479,周柏豪,演唱
298089,告白(V.O.Version),6479,周柏豪,演唱
191510,我不要被你记住,6479,周柏豪,演唱
191504,最好不过,6479,周柏豪,演唱
31514961,百年不合,6479,周柏豪,演唱
26304079,无力挽回,6479,周柏豪,演唱
29379542,莫失莫忘,6479,周柏豪,演唱
191552,哦,6479,周柏豪,演唱
191548,傻小子,6479,周柏豪,演唱
1294591024,背后女人,6479,周柏豪,演唱
191525,陈某,6479,周柏豪,演唱
37156099,等不到,6479,周柏豪,演唱
553753133,男人背后,6479,周柏豪,演唱
451473847,有生一天,6479,周柏豪,演唱
454711144,终于我们,7409,岑宁儿,演唱
460873724,近在千里,9605,卫兰,演唱
28285736,Rumors(传闻),6479,周柏豪,演唱
400075152,日落日出,8665,连诗雅,演唱
191588,六天,6479,周柏豪,演唱
191489,SmileyFace,6479,周柏豪,演唱
28341500,小孩,6479,周柏豪,演唱
444269722,樱花树下,6462,张敬轩,演唱
26304088,想太多,6479,周柏豪,演唱
1332469336,天网,6479,周柏豪,演唱
1302428716,乌托邦,6479,周柏豪,演唱
25706228,Imperfect,6479,周柏豪,演唱
33190808,相安无事,6479,周柏豪,演唱
31514960,上次讲到,6479,周柏豪,演唱
28684208,现在已夜深,6479,周柏豪,演唱
37156097,磨牙,6479,周柏豪,演唱
404166637,不可能,6479,周柏豪,演唱
1315508963,老少平安,6479,周柏豪,演唱
26304080,错配,6479,周柏豪,演唱
27646407,双人床的空位,6479,周柏豪,演唱
31514962,我不动,6479,周柏豪,演唱
484058594,月光浓汤,6479,周柏豪,演唱
26304086,同天空,6479,周柏豪,演唱
27511543,天光,6479,周柏豪,演唱
191550,一拖再拖,6479,周柏豪,演唱
1332467500,最后召集,6479,周柏豪,演唱
1379456709,把孤独当做晚餐,31253654,井胧,演唱
1381969230,把孤独当做晚餐(cover:群星),31253654,井胧,演唱
1390536307,雅俗共赏（Cover：许嵩）,31253654,井胧,演唱
1384379256,我走后（Cover：小咪）,31253654,井胧,演唱
1396187818,囚鸟（Cover：张宇）,31253654,井胧,演唱
1379416569,幻听（Cover：许嵩）,31253654,井胧,演唱
1382340786,无名之辈（Cover：陈雪燃）,31253654,井胧,演唱
1406905500,那是爱,31253654,井胧,演唱
1396895953,回到原点,31253654,井胧,演唱
1407599274,喜欢你,31253654,井胧,演唱
1339783101,《遗憾》-井胧（Cover：许美静）,31253654,井胧,演唱
490595927,不用去猜,784257,JonyJ,演唱
534542490,奴隶,784257,JonyJ,演唱
31260611,信仰,784257,JonyJ,演唱
1325711347,喜新恋旧,784257,JonyJ,演唱
1325896303,MyMan,784257,JonyJ,演唱
542691145,想把你留在这里,784257,JonyJ,演唱
530986052,返老还童,784257,JonyJ,演唱
501220106,AlmostHome,784257,JonyJ,演唱
491065931,甜葡萄红眼睛,1008034,鬼卞,演唱
419374860,住你耳朵里,784257,JonyJ,演唱
1325711344,连锁反应,784257,JonyJ,演唱
1359349895,Whywehere,12023517,宫阁,演唱
1325711349,子弹口水,784257,JonyJ,演唱
1325898283,28,784257,JonyJ,演唱
436667978,慢慢来,188141,满舒克,演唱
1374646027,迷宫,784257,JonyJ,演唱
1325896318,信仰,784257,JonyJ,演唱
501220404,你看得见,784257,JonyJ,演唱
449818593,Okay,784257,JonyJ,演唱
31260615,睡前老报纸[Bonustrack],784257,JonyJ,演唱
419373878,开门见山,784257,JonyJ,演唱
31134264,MyCity南京,784257,JonyJ,演唱
1325896427,喽啰,784257,JonyJ,演唱
449824583,物女金,784257,JonyJ,演唱
1325896319,泛滥,784257,JonyJ,演唱
1325896298,HowToLie,784257,JonyJ,演唱
26562526,YesDay,784257,JonyJ,演唱
449818601,Fantasy,784257,JonyJ,演唱
1325896295,迷宫Intro,784257,JonyJ,演唱
31260603,MyCity(feat.顾杰),784257,JonyJ,演唱
439665556,TeamWork,806147,UZ,演唱
449818596,So.Far.So.Good,784257,JonyJ,演唱
449818591,Intro,784257,JonyJ,演唱
419373881,无业游民,784257,JonyJ,演唱
482724567,BigThingsStartSmall,784257,JonyJ,演唱
1325896320,迷宫Outro,784257,JonyJ,演唱
29740024,改变,784257,JonyJ,演唱
31861477,忙先生,784257,JonyJ,演唱
31260607,安格拉夏,784257,JonyJ,演唱
31260606,我与自己(feat.讲者),784257,JonyJ,演唱
26577093,众人皆醉我独醒,12633236,P.O.E,演唱
31260610,时光列车,784257,JonyJ,演唱
26577095,口袋里的秘密,784257,JonyJ,演唱
31260595,JHood,784257,JonyJ,演唱
31260613,What'llUDo[Bonustrack],784257,JonyJ,演唱
31260599,返老还童(feat.Bozz),784257,JonyJ,演唱
31260605,记忆碎片,784257,JonyJ,演唱
26577112,忙先生(ProdBy老道),784257,JonyJ,演唱
449818599,Skit,784257,JonyJ,演唱
1323302937,MyCity,784257,JonyJ,演唱
1359156131,丁当-猜不透（弹鼓版）（浪子康/豪大大remix）,30038291,豪大大,演唱
1313725541,爱一点（咚鼓版）,12570153,浪子康,演唱
1336526373,华晨宇-烟火里的尘埃（咚鼓版）（浪子康remix）,12570153,浪子康,演唱
1306908061,后来(咚鼓版),12570153,浪子康,演唱
1346764685,小咪-即兴（咚鼓版）（浪子康/黄家旺/安筱冷remix）,28387245,安筱冷,演唱
1363489396,DAISHIDANCE-takemehand（咚鼓版）（浪子康Remix）,12570153,浪子康,演唱
1365401062,贺敬轩-但愿余生都是你（咚鼓版）（浪子康/豪大大remix）,30038291,豪大大,演唱
1314510530,小星星（咚鼓版）（Cover：汪苏泷）,12570153,浪子康,演唱
1370933087,EA7干净利落,31790957,祺明,演唱
1343933213,许佳慧-预谋（弹鼓版）（浪子康/安筱冷remix）,28387245,安筱冷,演唱
1340135868,可泽-樱花树下的约定（咚鼓版）（浪子康remix）,12570153,浪子康,演唱
1357662654,张小九-余香（浪子康/承利remix）,1140028,承利,演唱
1335107272,王天戈-心安理得（咚鼓版）（浪子康/安筱冷remix）,28387245,安筱冷,演唱
1339299138,许慧欣-七月七日晴（咚鼓版）（浪子康/黄家旺/支柱/豪大大remix）,30038291,豪大大,演唱
1317340183,曲婉婷-没有什么不同（浪子康remix）,12570153,浪子康,演唱
1320666836,错的人（咚鼓版）（Cover：萧亚轩）,12570153,浪子康,演唱
1336519779,死性不改（咚鼓版）,12570153,浪子康,演唱
1321661860,房东的猫-云烟成雨（咚鼓版）（浪子康remix）,12570153,浪子康,演唱
1361237228,李佳思-小爱（咚鼓版）（浪子康/豪大大remix）,30038291,豪大大,演唱
1357663594,李学仕-直觉（浪子康/承利remix）,1140028,承利,演唱
1323508060,Xun（易硕成）-可惜我不是她（咚鼓版）（浪子康/杨洪才remix）,30602346,杨洪才,演唱
1333381866,陈柏宇-你瞒我瞒（咚鼓版）（浪子康remix）,12570153,浪子康,演唱
1339736974,莫文蔚-盛夏的果实（咚鼓版）（浪子康Remix）,12570153,浪子康,演唱
1316884028,这个年纪（咚鼓）（Cover：齐一）,12570153,浪子康,演唱
1403528670,这一生关于你的风景(DJ咚鼓版)(cover：隔壁老樊),12570153,浪子康,演唱
1319261208,爱的供养（咚鼓）,12570153,浪子康,演唱
1384543943,MasihMencintainya(DJ弹鼓版),30038291,豪大大,演唱
1355933819,EA7做人要低调(DJ版),30038291,豪大大,演唱
1386669632,音阙诗听-芒种（DJ版）（Deephouse）（王英涛&君老头/精彩苏刚/浪子康remix）,12570153,浪子康,演唱
1313125710,也许夜最适合哭（咚鼓版）（Cover：小琨）,12570153,浪子康,演唱
1336187650,群星-为你我受冷风吹（DJ版）（浪子康/豪胖胖/安筱冷Remix）,28387245,安筱冷,演唱
1320776554,慢摇浪曲（DJ）,12570153,浪子康,演唱
1313426060,杨宗纬-一次就好（咚鼓版）（浪子康Remix）,12570153,浪子康,演唱
1336181973,群星-像我这样的人（咚鼓版）（浪子康/豪胖胖/安筱冷Remix）,28387245,安筱冷,演唱
1349973367,只赌天意不猜人心(DJ版),12570153,浪子康,演唱
1359156114,孙燕姿-遇见（咚鼓版）（浪子康/豪大大remix）,30038291,豪大大,演唱
1358275760,我敬往事一杯酒(DJ版),31638608,颜小七,演唱
1357278354,王杰-不浪漫罪名（弹鼓版）（浪子康/豪大大/黄家旺remix）,30038291,豪大大,演唱
1317790694,怎么变成我一个人去巴黎了,12570153,浪子康,演唱
1313124655,还有梦想（DJ版）（Cover：小洲）,12570153,浪子康,演唱
1319889589,白小白-最美情侣(咚鼓版）（浪子康remix）,12570153,浪子康,演唱
1317336557,金贵晟-浪子康-虹之间（咚鼓版）（浪子康remix）,12570153,浪子康,演唱
1370041233,云烟变成雨(DJ版）,12288201,禹豪,演唱
1352590830,人生苦短及时行乐(DJ版),31155608,袁朕,演唱
1361239157,虎二-离开我你快乐吗(咚鼓版）（浪子康/豪大大remix）,30038291,豪大大,演唱
1359156134,气质锐-我的美丽新娘（咚鼓版）（浪子康/豪大大remix）,30038291,豪大大,演唱
1349973366,请你保持你的野性(DJ版),12570153,浪子康,演唱
1350517771,EA7灵魂弹跳(DJ版),30004337,序先森Music,演唱
1313422300,广东雨神-广东爱情故事（DJ版）（浪子康Remix）,12570153,浪子康,演唱
1335106326,郑晓填-如果寂寞了（DJ版）（浪子康/安筱冷remix）,28387245,安筱冷,演唱
1358554236,爱江山更爱美人,31093891,阿虾,演唱
1336631279,忽然之间（男声合唱版）（Cover：莫文蔚）,13681463,崔铭嘉,演唱
1354291617,盛夏的果实（Cover：莫文蔚）,31093891,阿虾,演唱
1406432116,忽然之间,12026202,戴尔基,演唱
1367485724,我要你（Cover：yatessss）,31093891,阿虾,演唱
1365514326,八十年代的歌（Cover：赵雷）,31093891,阿虾,演唱
1373194903,再见了,31093891,阿虾,演唱
1392423401,爱江山更爱美人,31093891,阿虾,演唱
1355915493,理想三旬（Cover：陈鸿宇）,31093891,阿虾,演唱
1359382613,我愿,31093891,阿虾,演唱
1372020904,往事只能回味（Cover：好妹妹）,31093891,阿虾,演唱
1401267763,情难枕,31093891,阿虾,演唱
1363151022,儿时（Cover：刘昊霖）,31093891,阿虾,演唱
1371147461,河滨路,31093891,阿虾,演唱
1337064386,忽然之间（男声合唱版）（Cover：莫文蔚）,31093891,阿虾,演唱
1365517710,当你老了（Cover：赵照）,31093891,阿虾,演唱
1380149450,遗憾（Cover：陈洁仪）,31093891,阿虾,演唱
1388165365,京途,31093891,阿虾,演唱
1362172045,一个人的北京（Cover：好妹妹）,31093891,阿虾,演唱
1395801457,小孩,31093891,阿虾,演唱
1351687258,每个人都会（Cover：方大同）,31093891,阿虾,演唱
1393399663,浮世间,31093891,阿虾,演唱
1399664349,世间美好与你环环相扣（女版）（cover：柏松）,28304831,吕口口,演唱
1390071242,我要的（原唱：C.vo/阿达娃/苏靖凯）,28304831,吕口口,演唱
1385110734,风度(Cover：汪苏泷),28304831,吕口口,演唱
1388623138,你走以后＋余味（cover：王恩信Est二胖u、林俊呈）（Cover：王恩信Est）,28304831,吕口口,演唱
1383719491,我要的(Cover：C.vo/阿达娃/苏靖凯/王晓夫),28304831,吕口口,演唱
1391843341,该不该,28304831,吕口口,演唱
1382207049,攀登,28304831,吕口口,演唱
1388618234,该不该（cover：莫智钦）（Cover：莫智钦）,28304831,吕口口,演唱
1408992915,梦中,28304831,吕口口,演唱
1400423834,仲夏暖风,28304831,吕口口,演唱
1361391421,从开始到现在（Cover：张信哲）,28304831,吕口口,演唱
1395625387,影子习惯（cover：小凌）（Cover：小凌）,28304831,吕口口,演唱
1380118076,忽然之间（Cover：莫文蔚）,28304831,吕口口,演唱
1368831178,流着泪说分手（Cover：群星）,28304831,吕口口,演唱
1388618223,后继者（cover：任然）（Cover：任然）,28304831,吕口口,演唱
1376694875,木偶人(Cover：薛之谦),28304831,吕口口,演唱
1354472297,晚婚（Cover：江蕙）,28304831,吕口口,演唱
1361391418,外滩十八号（Cover：男才女貌）,28304831,吕口口,演唱
1354474251,不是不满足（Cover：A-Lin）,28304831,吕口口,演唱
1410852209,什么都不算,28304831,吕口口,演唱
553755659,可不可以,13906123,张紫豪,演唱
1344010163,地铁等待,13906123,张紫豪,演唱
1357425666,称谓,13906123,张紫豪,演唱
1403449395,可不可以(Live),13906123,张紫豪,演唱
1403449400,我可以(Live),13906123,张紫豪,演唱
1326798980,星期天,13906123,张紫豪,演唱
1300902916,体温,13906123,张紫豪,演唱
1306498212,可不可以(伴奏),13906123,张紫豪,演唱
476659144,小宇,12268138,ToddLi,演唱
453413861,第三人称,12268138,ToddLi,演唱
1318933384,狂妄（Cover：李上安）,12268138,ToddLi,演唱
1314154490,太久,12268138,ToddLi,演唱
1403783252,一人份晚餐,31341548,Lacklustrr,演唱
1306857404,鱼仔（Cover：卢广仲）,12268138,ToddLi,演唱
504677806,我想（Cover余佳运）,12268138,ToddLi,演唱
1387317502,皮囊,31341548,Lacklustrr,演唱
554559537,谁（Cover：廖俊涛）,12268138,ToddLi,演唱
480041442,浪费（Cover林宥嘉/郁可唯）,12268138,ToddLi,演唱
1358109741,帕西诺的独白,12268138,ToddLi,演唱
493607792,夏夜晚风(Cover伍佰),12268138,ToddLi,演唱
545998805,小半（Cover：偶像练习生）,12272315,Cosy,演唱
1358852665,帕西诺的独白,12268138,ToddLi,演唱
573509207,心里的人儿（Cover：孟慧圆）,12268138,ToddLi,演唱
543638390,对爱渴望（Cover：杨宗纬）,12268138,ToddLi,演唱
1393632213,夏末的歌,12268138,ToddLi,演唱
1335166911,给你的糖,12272315,Cosy,演唱
1326847808,It'sBeenSoLong（Cover：余佳运）,12268138,ToddLi,演唱
1348373365,NothingWithoutYou(너없이안돼)（Cover：10cm）,12268138,ToddLi,演唱
1409500924,小宇(伴奏),12268138,ToddLi,演唱
497414557,消愁（Cover毛不易）,12268138,ToddLi,演唱
1397680093,第三人称（伴奏）,12268138,ToddLi,演唱
1393632214,夏末的歌（伴奏）,12268138,ToddLi,演唱
115162,月半小夜曲,3699,李克勤,演唱
115569,护花使者,3699,李克勤,演唱
115502,红日,3699,李克勤,演唱
407002484,天梯(Live),3699,李克勤,演唱
217501,合久必婚(合唱),3699,李克勤,演唱
113610,傻女(Live),3699,李克勤,演唱
402073899,单车(Live),3699,李克勤,演唱
115794,一生不变,3699,李克勤,演唱
33984203,恋爱为何物,768208,AGA,演唱
5284516,深深深,3699,李克勤,演唱
401722037,遥远的她(Live),3699,李克勤,演唱
111536,罪人,3699,李克勤,演唱
113438,一生中最爱(Live),5205,谭咏麟,演唱
113811,花街的流星,3699,李克勤,演唱
40140643,相爱很难(LiveInHongKong/2015),3699,李克勤,演唱
112167,想你的旧名字,3699,李克勤,演唱
40140626,16号爱人(LiveInHongKong/2015),3699,李克勤,演唱
115522,旧欢如梦,3699,李克勤,演唱
32785335,世界真细小,9269,容祖儿,演唱
40140630,心淡(LiveInHongKong/2015),3699,李克勤,演唱
28636765,无朋友,3699,李克勤,演唱
113936,飞花,3699,李克勤,演唱
403710394,友情岁月,3699,李克勤,演唱
40140628,破相(LiveInHongKong/2015),3699,李克勤,演唱
5238677,星光灿烂,9968,徐小凤,演唱
112064,爱一个人,7235,陈慧琳,演唱
40140624,一拍两散/罪人(LiveInHongKong/2015),3699,李克勤,演唱
404746057,风继续吹(Live),3699,李克勤,演唱
27896612,请你不要难过,3699,李克勤,演唱
4875002,开学礼,3699,李克勤,演唱
111622,二十四城记,3699,李克勤,演唱
113183,偷偷摸摸,3699,李克勤,演唱
113838,终身美丽(Live),3699,李克勤,演唱
1400262453,护花使者+红日(Live),3699,李克勤,演唱
115921,大会堂演奏厅,3699,李克勤,演唱
110840,爱不释手,3699,李克勤,演唱
113622,伤感的恋人(Live),3073,黄凯芹,演唱
113444,一首歌一个故事(Live),5205,谭咏麟,演唱
111986,先赌为快,3699,李克勤,演唱
113924,K歌之王,3699,李克勤,演唱
405372761,丑八怪,3699,李克勤,演唱
40140663,富士山下(LiveInHongKong/2015),3699,李克勤,演唱
27698711,纸牌屋,3699,李克勤,演唱
113900,给自己的情书,3699,李克勤,演唱
113088,包容,3699,李克勤,演唱
112572,会过去的(Live),9269,容祖儿,演唱
407679576,我不会唱歌,3699,李克勤,演唱
112168,一个人飞,3699,李克勤,演唱
31445772,理想三旬,1058228,陈鸿宇,演唱
463157222,一如年少模样,1058228,陈鸿宇,演唱
34380395,途中,1058228,陈鸿宇,演唱
449578813,行歌,1058228,陈鸿宇,演唱
35476188,早春的树,1058228,陈鸿宇,演唱
1359780673,这不是理想的歌,1058228,陈鸿宇,演唱
456185374,别送我,1183095,寒洛&鼓润,演唱
41642352,霓虹深处,1058228,陈鸿宇,演唱
1379873872,梦乡,1058228,陈鸿宇,演唱
434974723,额尔古纳,1058228,陈鸿宇,演唱
522529247,鱼书,2448,曹秦,演唱
399340140,来信,1058228,陈鸿宇,演唱
479403036,遇见相似的灵魂,1058228,陈鸿宇,演唱
1318568346,人在旅途,1058228,陈鸿宇,演唱
1368757970,童梦月光谣,6183,袁景,演唱
36080207,你只是经过,1058228,陈鸿宇,演唱
1320098188,橙梦,1058228,陈鸿宇,演唱
536099018,多嘴,1058228,陈鸿宇,演唱
1371378560,你们俩,1058228,陈鸿宇,演唱
1359775550,这个与直觉相冲突的时代,1058228,陈鸿宇,演唱
415793152,船子,1058228,陈鸿宇,演唱
463157237,食味,1058228,陈鸿宇,演唱
543988606,归还,1058228,陈鸿宇,演唱
1330993997,隐身药水,1058228,陈鸿宇,演唱
1387574461,刺猬,1058228,陈鸿宇,演唱
509728845,茶酒伴(Live),1058228,陈鸿宇,演唱
463159195,还乡去,1058228,陈鸿宇,演唱
532940282,昨日的你,1058228,陈鸿宇,演唱
41655197,浓烟下,1058228,陈鸿宇,演唱
1359787495,歌的故事,1058228,陈鸿宇,演唱
444269613,雨好,1058228,陈鸿宇,演唱
529823910,与荒野,1058228,陈鸿宇,演唱
450222075,蓝色元年,1058228,陈鸿宇,演唱
528271287,犴达罕,1058228,陈鸿宇,演唱
1387574308,夏的短篇,1058228,陈鸿宇,演唱
472948192,窗,1058228,陈鸿宇,演唱
542697096,金黄色,1058228,陈鸿宇,演唱
463159192,蜜,1058228,陈鸿宇,演唱
536570856,山还是山,1058228,陈鸿宇,演唱
1331006232,无名,1058228,陈鸿宇,演唱
1389880535,打翻了,1058228,陈鸿宇,演唱
515787775,放倒的蜜,1058228,陈鸿宇,演唱
1313107926,攀登(Live),1203045,艾热AIR,演唱
1383211741,爱你3000(Live),12065096,黄旭,演唱
139764,不得不爱,9939,弦子,演唱
139808,快乐崇拜,10562,张韶涵,演唱
1389394944,爱你3000(feat.黄旭&肖恩恩),12071015,SeanT肖恩恩,演唱
1371760071,MyWay(Live),7763,G.E.M.邓紫棋,演唱
1406653558,别认怂,1038099,VaVa毛衍七,演唱
1298986140,Moonlight,10473,袁娅维,演唱
1293951024,制作人cypher(Live),7763,G.E.M.邓紫棋,演唱
1297743782,死了都要爱(Live),4723,潘玮柏,演唱
10308019,忘记拥抱,4723,潘玮柏,演唱
1306507052,蜕变(Live),13145283,ICE,演唱
139854,爱上未来的你,4723,潘玮柏,演唱
139893,TellMe,9957,徐洁儿,演唱
489997584,ComingHome,4723,潘玮柏,演唱
139889,壁虎漫步,4723,潘玮柏,演唱
25638923,UUU,4723,潘玮柏,演唱
5247625,双人舞,4723,潘玮柏,演唱
548107537,潘玮柏-我想更懂你（Kk_Remix）（RickyKrystal/潘玮柏Remix）,4723,潘玮柏,演唱
139848,我的麦克风,4723,潘玮柏,演唱
4874572,我对天空说,4723,潘玮柏,演唱
139768,高手,4723,潘玮柏,演唱
497131712,稀罕没理由,189907,吴昕,演唱
1313052973,英雄之火+不灭火(Live),6453,张震岳,演唱
1378898229,谁是MVP(Live),4723,潘玮柏,演唱
139862,HOWAREYOU,4723,潘玮柏,演唱
28638579,打呼,10199,杨丞琳,演唱
139806,WUHA,4723,潘玮柏,演唱
139903,我不怕,4723,潘玮柏,演唱
139760,谁是Mvp,4723,潘玮柏,演唱
497131707,哑巴,4723,潘玮柏,演唱
28665565,明天过后,4723,潘玮柏,演唱
5253706,谢谢,4723,潘玮柏,演唱
448722028,漫动作,1150075,关晓彤,演唱
139458,24个比利,4723,潘玮柏,演唱
139857,我们都会错,4723,潘玮柏,演唱
139910,站在你这边,4723,潘玮柏,演唱
139464,BabyTonight,4723,潘玮柏,演唱
139785,决战斗室,4723,潘玮柏,演唱
139772,禅舞不二,4723,潘玮柏,演唱
28638580,小丑,4723,潘玮柏,演唱
1388612042,UUU(Live),4723,潘玮柏,演唱
497131708,根本没爱过,4723,潘玮柏,演唱
392058,小小蚂蚁,4723,潘玮柏,演唱
139789,跟我走吧,4723,潘玮柏,演唱
139851,咖哩辣椒,188202,唐志中,演唱
28665560,一个人,4723,潘玮柏,演唱
139833,太想爱你,4723,潘玮柏,演唱
460578140,感谢你曾来过,12287118,Ayo97,演唱
1348726737,卧龙,12287118,Ayo97,演唱
549320139,带你回我家,12898527,顾帅Gs,演唱
538149981,带你回我家（Onlyremix）,29719970,顾帅,演唱
461633298,Tanx-Loveyourself（爱你自己）,1210005,谭响TanX,演唱
459462112,最后一块拼图,12287118,Ayo97,演唱
459738945,Younglife2017micpass,12056024,Birck,演唱
1371382518,想自由（Cover：林宥嘉）,12538467,千里狗,演唱
1379252766,愿（Cover：艾辰）,12538467,千里狗,演唱
1371378897,人间不值得（Cover：黄诗扶）,12538467,千里狗,演唱
1374626245,耿（Cover：汪苏泷）,12538467,千里狗,演唱
1387608452,那个男孩（Cover：汪苏泷）,12538467,千里狗,演唱
1371378895,全球变冷快乐版（Cover：许嵩）,12538467,千里狗,演唱
1379410621,恶作剧（Cover：王蓝茵）,12538467,千里狗,演唱
1379254491,赤伶（Cover：HITA）,12538467,千里狗,演唱
1365503353,小宇（Cover：张震岳）,12538467,千里狗,演唱
1374626243,绿光（Cover：孙燕姿）,12538467,千里狗,演唱
1371378894,爱有双重魔力（Cover：By2）,12538467,千里狗,演唱
1387607613,失落沙洲（Cover：徐佳莹）,12538467,千里狗,演唱
1395766632,遇见你的时候所有星星都落到我头上（Cover：高姗）,12538467,千里狗,演唱
1395813259,看月亮爬上来（Cover：张杰）,12538467,千里狗,演唱
1365503354,告白（Cover：沈以诚）,12538467,千里狗,演唱
1365467627,心仪（Cover：徐秉龙）,12538467,千里狗,演唱
1387607611,奇妙能力歌（Cover.陈粒）（Cover：李雪莱）,12538467,千里狗,演唱
1374616901,喜欢（Cover：阿肆）,12538467,千里狗,演唱
1379252768,等你的日子不值一提（Cover：焦迈奇）,12538467,千里狗,演唱
1387608455,今天也想见到你（Cover：焦迈奇）,12538467,千里狗,演唱
1395765555,红色高跟鞋（Cover：蔡健雅）,12538467,千里狗,演唱
1365502666,亦是此间少年（Cover：枯木逢春）,12538467,千里狗,演唱
1387608459,太早（Cover：刘允乐）,12538467,千里狗,演唱
1387608454,过期少女致幻录（Cover：祁紫檀）,12538467,千里狗,演唱
549378858,忽然之间（Cover：莫文蔚）,14074189,孙嘉遥,演唱
1401919828,收信快乐,12538467,千里狗,演唱
1395765554,爱呀（Cover：金玟岐）,12538467,千里狗,演唱
559820503,杀死那个石家庄人（Cover：万能青年旅店）,14074189,孙嘉遥,演唱
1395951970,苦茶（Cover：棒棒堂）,12538467,千里狗,演唱
1365499500,我欢喜喜欢你（Cover：焦迈奇）,12538467,千里狗,演唱
1403046566,每个孤独的自己（Cover：万能青年）,12538467,千里狗,演唱
1395766629,专属天使（Cover：Tank）,12538467,千里狗,演唱
1403053153,我们到最后终于变成朋友（Cover：王睿）,12538467,千里狗,演唱
1387607609,山楂树之恋（Cover：大能人）,12538467,千里狗,演唱
1387608453,如果有一天（Cover：梁静茹）,12538467,千里狗,演唱
1374616904,失眠飞行（Cover：接个吻，开一枪）,12538467,千里狗,演唱
1403053170,晴（Cover：汪苏泷）,12538467,千里狗,演唱
1403053166,事关孤独（Cover：马良）,12538467,千里狗,演唱
1403053156,暗恋是一个人的事情（Cover：宿羽阳）,12538467,千里狗,演唱
1403053150,香格里拉（Cover：魏如萱）,12538467,千里狗,演唱
526724629,混蛋（Cover：焦迈奇）,14074189,孙嘉遥,演唱
1387607610,农夫渔夫（Cover：小猛）,12538467,千里狗,演唱
1403046574,胡话日记（Cover：王圣夫）,12538467,千里狗,演唱
1403046583,我想牵着你的手（Cover：许嵩）,12538467,千里狗,演唱
1395814187,生日快乐（Cover：李雪莱）,12538467,千里狗,演唱
1403053187,会呼吸的痛（Cover：梁静茹）,12538467,千里狗,演唱
1403053169,爱丫爱丫（Cover：By2）,12538467,千里狗,演唱
1379252772,达尔文（Cover：蔡健雅）,12538467,千里狗,演唱
1374616905,你曾是少年（Cover：S.H.E）,12538467,千里狗,演唱
1403053168,因为你（Cover.方大同）（Cover：群星）,12538467,千里狗,演唱
424264505,你，好不好？,980025,周兴哲,演唱
1336990251,怎么了,980025,周兴哲,演唱
523250334,永不失联的爱,980025,周兴哲,演唱
28892111,以后别做朋友,980025,周兴哲,演唱
522510114,如果雨之后,980025,周兴哲,演唱
1336990252,终于了解自由,980025,周兴哲,演唱
424262531,明明,980025,周兴哲,演唱
421929077,我爱过你,980025,周兴哲,演唱
424264503,ThisIsLove,980025,周兴哲,演唱
424262530,爱情教会我们的事,980025,周兴哲,演唱
29932083,在你耳边说,980025,周兴哲,演唱
523250333,ISeeYouEverywhere,980025,周兴哲,演唱
1336994034,至少我还记得,980025,周兴哲,演唱
1392976923,一样美丽,980025,周兴哲,演唱
29932091,ComeOutYourWay,980025,周兴哲,演唱
1385763675,SomethingaboutLA,980025,周兴哲,演唱
411921142,想回到那一天,980025,周兴哲,演唱
1331927673,NobodyButMe,980025,周兴哲,演唱
451520686,爱在身边,980025,周兴哲,演唱
523250335,我知道要微笑,980025,周兴哲,演唱
523251340,黏黏,31677911,许玮甯,演唱
29932090,再爱你,980025,周兴哲,演唱
29774451,爱在圣诞,1137021,杨凯琳,演唱
422920784,LetItGo,980025,周兴哲,演唱
29932085,怎么好意思,980025,周兴哲,演唱
29932086,爱情导演,980025,周兴哲,演唱
29932081,学着爱,980025,周兴哲,演唱
424262529,NoOneLikeYou,980025,周兴哲,演唱
502228485,快乐一次拥有,980025,周兴哲,演唱
29932088,会飞的想念,980025,周兴哲,演唱
523248350,同义词,980025,周兴哲,演唱
518094262,WithoutHer,980025,周兴哲,演唱
523249340,易碎品,980025,周兴哲,演唱
29932084,跟钢琴说话,980025,周兴哲,演唱
523249341,AnotherYou,980025,周兴哲,演唱
424262532,认定,980025,周兴哲,演唱
424264504,负一分钟,980025,周兴哲,演唱
424264506,我爱的那种,980025,周兴哲,演唱
29932089,音乐快门,980025,周兴哲,演唱
570332032,你好不好(Live版),980025,周兴哲,演唱
570334024,终于等到你(Live版),980025,周兴哲,演唱
570326036,幸福太短(Live版),980025,周兴哲,演唱
1412264712,别勉强Feat.Eric周兴哲,980025,周兴哲,演唱
1410872318,OldDays,980025,周兴哲,演唱
1410874260,RoomforYou,980025,周兴哲,演唱
1410872321,IDon'tMind,980025,周兴哲,演唱
557584888,往后余生,13609637,马良,演唱
571338083,醒着醉,13609637,马良,演唱
1361434698,事关孤独,13609637,马良,演唱
1334296172,平凡的你我,13609637,马良,演唱
1311319953,往后余生,13609637,马良,演唱
554118097,往后余生原创(demo),13609637,马良,演唱
1336871705,这个大叔不太冷,8103,花粥,演唱
1388321301,往后余生,8334,刘惜君,演唱
1329745304,醒着醉（新编版）,13609637,马良,演唱
1311345294,回首仍是少年,13609637,马良,演唱
1386711678,各生欢喜,13609637,马良,演唱
1300595131,北岸,13609637,马良,演唱
547099268,红山小记,13609637,马良,演唱
572035587,往后余生(伴奏),13609637,马良,演唱
1334461889,不甘,13609637,马良,演唱
1336864681,这个大叔不太冷（伴奏）,8103,花粥,演唱
1368222616,莫醉,13609637,马良,演唱
1329745317,醒着醉（新编版）-伴奏,13609637,马良,演唱
1334296173,平凡的你我-伴奏,13609637,马良,演唱
1363343696,事关孤独（伴奏）,13609637,马良,演唱
1386726157,各生欢喜（伴奏）,13609637,马良,演唱
1336856498,我想part2,30395569,杨秋儒,演唱
1355292203,上学威龙,865007,法老,演唱
1355292211,Ghostface,865007,法老,演唱
1355292217,丑陋鼠草,12185216,戴思蒙德,演唱
1298655068,“Endoftheworld”,1153005,situasian张太郎,演唱
1405888467,如果我不说唱,865007,法老,演唱
1378479700,飞蛾扑火,30792393,吕周嘉懿,演唱
465721397,亲密爱人2017（feat.酷癌）,12156273,酷癌KooEye,演唱
1314931825,凛冬将至(WinterIsComing),12133059,S.SIN（哀四杏）,演唱
444323757,我想（正式版）feat.泠风,12541056,泠风,演唱
1401894212,悲伤的大象,865007,法老,演唱
1387629757,四面楚歌,865007,法老,演唱
1321385074,AFK（feat.Buzzy）,12541056,泠风,演唱
1296583189,悬崖华尔兹(Live),12236125,王以太,演唱
1355292196,Cheeseburger,865007,法老,演唱
1309351619,Eminem-luckyyou（法老Remix）,5106,Keyso寿君超,演唱
471763224,苦海无涯(Prod.byYoken),1047049,Yoken_Official,演唱
512357642,Logic-Deargod(remix）,865007,法老,演唱
1402883968,STRIKE,865007,法老,演唱
523249337,独行侠,865007,法老,演唱
1355291148,fighttothefire,865007,法老,演唱
1334297124,大气层,830038,郑小宇,演唱
1318284115,爱是什么,12473800,超级橘子Orange,演唱
1361386899,放个假嘛,865007,法老,演唱
1317410848,采访,30395569,杨秋儒,演唱
1321385072,未来（feat.Lil.Jet）,12079066,Lil.Jet,演唱
540674544,如果死亡将要来临,865007,法老,演唱
444356622,hardcoreheadtotoe（Feat.畸形儿KKK）,865007,法老,演唱
1378715605,HateMyself,865007,法老,演唱
459944057,PresentFascism(当代法西斯）,865007,法老,演唱
1357816679,100,865007,法老,演唱
534917810,respect,865007,法老,演唱
1334297109,回家,30395569,杨秋儒,演唱
535054254,日字冲拳（freestyle）,12199456,RanGo,演唱
1397091965,耍狠用最温柔的方式,865007,法老,演唱
1317457749,pharaoh（intro）,865007,法老,演唱
1336864426,IPman(feat.Dax),29821913,Zj-alvSoN,演唱
538361098,未读消息,865007,法老,演唱
431795577,我想（feat.MCpharaoh),865007,法老,演唱
1317457750,改变(feat.Naggy),12127345,Naggy(A.K.AEnAce),演唱
1312186120,omg,1087200,HASAThree,演唱
1353427375,法老,865007,法老,演唱
1329129053,离开我你快乐吗,12286700,虎二,演唱
1394963332,你应该很快乐,12286700,虎二,演唱
560208673,不仅仅是喜欢,12286700,虎二,演唱
1400453707,你怎么舍得我难过,12867228,戴羽彤,演唱
1303027163,尘土,12286700,虎二,演唱
1361015358,原来,12286700,虎二,演唱
565402865,你就不要想起我（Cover：田馥甄）,30110284,Nicky,演唱
1357485685,离开我你快乐吗(DJ版),12286700,虎二,演唱
1341375044,阿果吉曲,12286700,虎二,演唱
459930484,漂洋过海来看你（Cover刘明湘）,12286700,虎二,演唱
1344813512,即使知道,12286700,虎二,演唱
1372342294,没有答案的答案,12286700,虎二,演唱
460019203,理想三旬（Cover陈鸿宇）,12286700,虎二,演唱
1373214564,缘分易碎,12286700,虎二,演唱
1296539280,谁在怀念,12286700,虎二,演唱
1350149153,刺青,12286700,虎二,演唱
1325906010,归来吧再见了,12286700,虎二,演唱
565412635,乌兰巴托的夜（Cover：谭维维）,12286700,虎二,演唱
1321442436,思念你,12286700,虎二,演唱
1363363410,默读,12286700,虎二,演唱
864793701,你就不要想起我（Cover：田馥甄）,12286700,虎二,演唱
1400243424,没勇气,12286700,虎二,演唱
1354459379,兄弟兄弟,12286700,虎二,演唱
499214925,青春（Cover金弼/金昌完）,12286700,虎二,演唱
1303028064,我的小时候,12286700,虎二,演唱
532564178,城里的月光（Cover许美静）,12286700,虎二,演唱
481793282,七色天空,12286700,虎二,演唱
1343487657,他们（钢琴完整抢鲜版）,12286700,虎二,演唱
491870383,时光,29944083,虎炮炮,演唱
1313107535,小宝,12286700,虎二,演唱
460021449,听寂寞在唱歌（Cover赵默）,12286700,虎二,演唱
464375428,使命,12286700,虎二,演唱
1400450013,你怎么舍得我难过（伴奏）,12867228,戴羽彤,演唱
460021198,生日快乐（Cover小柯）,12286700,虎二,演唱
468113878,相逢是首歌（Cover俞静）,12286700,虎二,演唱
1389014693,他们-虎二-正式版,12286700,虎二,演唱
29755482,光,12286700,虎二,演唱
556712933,YourLoveIsLikeaRiver（CoverThirdDay）,12286700,虎二,演唱
549834224,苦路（CoverSandiPatti）,12286700,虎二,演唱
1394966142,你应该很快乐-伴奏,12286700,虎二,演唱
1361013715,原来（序章）,12286700,虎二,演唱
475030406,一番綺麗な私を（Cover中岛美嘉）,12286700,虎二,演唱
460262770,光,12286700,虎二,演唱
469415914,你，好不好（伴奏）,12286700,虎二,演唱
464319471,乌兰巴托的夜（虎二）伴奏,12286700,虎二,演唱
1321382662,不仅仅是喜欢(伴奏),12286700,虎二,演唱
1303026167,尘土（伴奏）,12286700,虎二,演唱
1341375046,阿果吉曲(伴奏),12286700,虎二,演唱
1396568322,真的爱你(咚鼓版),12205044,新旭,演唱
1386946646,洪荒之力(改版),12205044,新旭,演唱
1386946638,CandyShop(DJ版),12205044,新旭,演唱
1386946637,BeYourSun(DJ版),12205044,新旭,演唱
1392990134,故事有始有终,12205044,新旭,演唱
1392986529,Trend(DJ),12205044,新旭,演唱
1386946644,此刻你我都是古惑仔,12205044,新旭,演唱
1396568386,我的自卑都源于生活,12205044,新旭,演唱
1353163840,贝斯哒哒哒(DJ版),12205044,新旭,演唱
1372369851,极品电鼓(MaleGodA),12205044,新旭,演唱
1372369848,Xinxurhythm(MaleGodA),12205044,新旭,演唱
1386946635,Baby(抖音版),12205044,新旭,演唱
1403501539,他一定很爱你（DJ版）,12205044,新旭,演唱
1392990135,祝你前程似锦,12205044,新旭,演唱
1368001385,Funcolor,12205044,新旭,演唱
1392986530,一曲肝肠断,12205044,新旭,演唱
1391470899,你牵了别人的手,12205044,新旭,演唱
1399837896,别爱我没结果除非花手摇过我,12205044,新旭,演唱
1391281654,bboydanny,12205044,新旭,演唱
1396564877,氟西汀终究还是没了,12205044,新旭,演唱
1353163848,咬手机蹦迪(DJ版),12205044,新旭,演唱
1372369850,TakeMeHand(改版),12205044,新旭,演唱
1354488634,爱黄金爱兄弟(DJ版),12205044,新旭,演唱
1358935221,生活需要仪式感,12205044,新旭,演唱
1353163846,这节奏要飘了(DJ版),12205044,新旭,演唱
1300632929,摩托车摇(环绕版),12205044,新旭,演唱
1403501535,ReadAllAboutIt（抖音版）,12205044,新旭,演唱
1396564806,夜色(DJ版),12205044,新旭,演唱
1403505185,梦里寻他千百度（DJ版）,12205044,新旭,演唱
1399839597,花手摇(DJ版),12205044,新旭,演唱
1396564808,爱情错觉(DJ版),12205044,新旭,演唱
1403505181,Disco（DJ版）,12205044,新旭,演唱
1403501538,เนื้อคู่ฉันอยู่ไหน(Remix),12205044,新旭,演唱
1354491543,渣男锡纸烫渣女大波浪(DJ版),12205044,新旭,演唱
1300632923,爱情主演(3D迷幻),12205044,新旭,演唱
1401434251,SoundOfMyDream（抖音版）,12205044,新旭,演唱
1300632926,快手摩托摇,12205044,新旭,演唱
1353164797,网红奶奶舞曲(DJ版),12205044,新旭,演唱
1386946636,BatteForte凤舞九天(DJ弹鼓版),12205044,新旭,演唱
1391471589,JarofLove,12205044,新旭,演唱
1403501537,YeminlerEdiyorum,12205044,新旭,演唱
1399839594,HardDJ,12205044,新旭,演唱
1368001387,男人的嘴骗人的鬼女人的腰夺命的刀,12205044,新旭,演唱
1368002324,蹦迪专用,12205044,新旭,演唱
1354488639,敲杯(DJ版),12205044,新旭,演唱
1401433417,像鱼（DJ弹鼓版）,12205044,新旭,演唱
1354488637,威武与霸气(DJ版),12205044,新旭,演唱
1403505180,DanceMonkey（DJ版）,12205044,新旭,演唱
1392986531,百因必有果你的报应就是我,12205044,新旭,演唱
1403501533,"EA7StillD.R.E,（DJ版）",12205044,新旭,演唱
185726,再见,6453,张震岳,演唱
185700,思念是一种病,7214,蔡健雅,演唱
454698657,迷途羔羊,6453,张震岳,演唱
185712,小宇,6453,张震岳,演唱
185919,爱我别走,6453,张震岳,演唱
185937,爱的初体验,6453,张震岳,演唱
1306507665,再见Hip-Hop,12119618,派克特（PACT）,演唱
185706,很难,6453,张震岳,演唱
135028,离开,6453,张震岳,演唱
1387615529,双手插口袋(Live),12357157,新秀,演唱
1306497050,飞太远(Live),1124151,刘柏辛Lexie,演唱
185792,爱之初体验,6453,张震岳,演唱
185713,就让这首歌,4479,MCHotdog,演唱
185704,路口,6453,张震岳,演唱
1397293114,远走高飞,6453,张震岳,演唱
28864686,双手插口袋,6453,张震岳,演唱
135029,嗨嗨人生,7839,关颖,演唱
185747,Bye-Bye(NewRemix),6453,张震岳,演唱
1397288010,酒鬼,6453,张震岳,演唱
185751,不要说爱我(NewRemix),6453,张震岳,演唱
1397293095,贪心,6453,张震岳,演唱
1397293050,念念不忘,6453,张震岳,演唱
543656128,秘密,6453,张震岳,演唱
185746,勇气(NewRemix),6453,张震岳,演唱
185665,无名(写给杨乃文的歌),6453,张震岳,演唱
475751332,张震岳-思念是一种病(尤克里里版)[Cover张震岳&MikeZhouRemix](OatStudioReplay)（MikeZhou/张震岳remix）,6453,张震岳,演唱
185947,怎么办,6453,张震岳,演唱
224784,超级想你,6453,张震岳,演唱
185824,秋天冬天,6453,张震岳,演唱
185925,自由,6453,张震岳,演唱
1313107927,孤独求败(Live),1124151,刘柏辛Lexie,演唱
26545122,抱着你,6453,张震岳,演唱
185634,有一天,6453,张震岳,演唱
185702,你说有个女孩,6453,张震岳,演唱
26598392,无名的情歌,6453,张震岳,演唱
1397292106,绝对,6453,张震岳,演唱
185745,我会想念你,6453,张震岳,演唱
185796,分手吧,6453,张震岳,演唱
26577240,走慢一点点,6453,张震岳,演唱
25638160,妙手空空,6453,张震岳,演唱
185806,在凌晨,6453,张震岳,演唱
26428030,破吉他,6453,张震岳,演唱
28240550,SuperDuperFly,13200,顽童MJ116,演唱
354799,123,6453,张震岳,演唱
1305366564,爱就别走,6453,张震岳,演唱
454698658,超大行李,6453,张震岳,演唱
185708,Ok,6453,张震岳,演唱
1406642934,我要找到你,13447522,Zic子晨,演唱
1336906090,隔壁班的猪,13447522,Zic子晨,演唱
1386182171,山楂树之恋【男声吉他弹唱】（Cover：程佳佳）,13447522,Zic子晨,演唱
1401467430,有人,13447522,Zic子晨,演唱
1313066383,夜空浩瀚不如你眼中星光(Demo),13447522,Zic子晨,演唱
1390561110,太阳【吉他弹唱】（Cover：邱振哲）,13447522,Zic子晨,演唱
1313215177,可不可以（Cover：张紫豪）,1146106,苏琛,演唱
1408635829,我要找到你（伴奏）,13447522,Zic子晨,演唱
543567424,放下（demo）,13447522,Zic子晨,演唱
551533686,谁（Cover：廖俊涛）,13447522,Zic子晨,演唱
1365557381,勾指起誓【清新弹唱版】（Cover：ilem）,13447522,Zic子晨,演唱
560961575,化身孤岛的鲸,13447522,Zic子晨,演唱
1374323133,小女子,13447522,Zic子晨,演唱
569906691,年年（Cover宋冬野）,13447522,Zic子晨,演唱
552487877,白羊（Cover：徐秉龙）,13447522,Zic子晨,演唱
1301425256,越来越不懂（Cover：蔡健雅）,13447522,Zic子晨,演唱
572351686,姑娘【Zic/demo】,13447522,Zic子晨,演唱
1329465593,去人间（Cover：钟嘉欣）,13447522,Zic子晨,演唱
573695169,你和我【Zic/demo】,13447522,Zic子晨,演唱
556489252,烤面筋【温情养耳】,13447522,Zic子晨,演唱
863018516,过期不候【Zic/demo】,13447522,Zic子晨,演唱
1396141677,阿司匹林,12236125,王以太,演唱
546279760,目不转睛,12236125,王以太,演唱
1396005540,山羊,1203045,艾热AIR,演唱
1396005548,人间天堂,12236125,王以太,演唱
1304920094,目不转睛(Live),12236125,王以太,演唱
1306498831,童言无忌(Live),12236125,王以太,演唱
1334731383,有一颗星为我存在,12236125,王以太,演唱
1396006331,挂羊头卖狗肉,12236125,王以太,演唱
1396141662,还没想好,847107,谢帝,演唱
1396005547,戒骄戒躁,12236125,王以太,演唱
1396146253,艳阳天,12193309,CREAMD,演唱
1396146256,RealMe,12236125,王以太,演唱
1334596367,ShoutItOut,12236125,王以太,演唱
1396146252,LAInTheSnow,12236125,王以太,演唱
1306498829,时间是金(Live),12236125,王以太,演唱
1373387741,月儿圆,12236125,王以太,演唱
1396141673,OnTheRoad,31917276,Mengzi,演唱
1396146254,面对面的婚礼和并排的墓碑,12236125,王以太,演唱
1313052961,三思而后行,12236125,王以太,演唱
1313107589,目不转睛(Live),12236125,王以太,演唱
1300594121,追梦(Live),29500218,RED8红八,演唱
1396141678,FeelAlive,12236125,王以太,演唱
1311347344,梦魇(live),12236125,王以太,演唱
1396006329,二十一世纪病理反应,12236125,王以太,演唱
1362129598,PaintMeinGod,12236125,王以太,演唱
1302091338,Champ(Live),29500218,RED8红八,演唱
546281919,LiquorWhisper,12236125,王以太,演唱
546282750,BetterThanMe？Feat.辛巴&Pact,12119618,派克特（PACT）,演唱
1294899232,打个总结(Live),12236125,王以太,演唱
1308778163,PUMA,1124151,刘柏辛Lexie,演唱
449239631,打个总结(flyandride),12236125,王以太,演唱
449239668,童言无忌（不插电）,12236125,王以太,演唱
474909514,MaskOffRemix(freestyle),12236125,王以太,演唱
1364400401,SoldOut,12236125,王以太,演唱
449235912,时间是金/TimeIsAFool,12236125,王以太,演唱
546281866,IFeelGreatFeat.黄旭,12065096,黄旭,演唱
1395822309,CrowdedZone,12236125,王以太,演唱
1305111058,吴亦凡战队Cypher(Live),12514278,那吾克热-NW,演唱
1349225901,高兴就好,12236125,王以太,演唱
546282611,梦魇Feat梦徐MXProd.ByCANISMAJOR,12419060,梦徐MX,演唱
1400286472,戒骄戒躁(KAII&王晓夫Remix),12236125,王以太,演唱
546277965,C.D.C(PanoramaCityRemix),12236125,王以太,演唱
1311401375,DreamGirl,12236125,王以太,演唱
423227239,老子就爱呆到成都,12236125,王以太,演唱
536295979,结不完,12236125,王以太,演唱
1378463086,Lords没在怕,12236125,王以太,演唱
449004958,-Skrr（王以太remix）,12236125,王以太,演唱
449235296,ComeandStaywithme,12236125,王以太,演唱
1381794809,还有我,12027122,G2er,演唱
1375935067,杨花落尽子规啼,31862479,国风堂,演唱
1350658807,天净沙秋思,12027122,G2er,演唱
1405963345,如果我有一个女朋友,12027122,G2er,演唱
1368002975,泊秦淮,12027122,G2er,演唱
1350493047,胡广生(cover：任素汐),12027122,G2er,演唱
548705692,3501房,12027122,G2er,演唱
532853069,瓦力,12027122,G2er,演唱
1378103324,杨花落尽子规啼（伴奏）,31862479,国风堂,演唱
1343124966,再见船长,12027122,G2er,演唱
536037860,浓痰,12027122,G2er,演唱
1350658808,天净沙秋思(伴奏),12027122,G2er,演唱
534540498,藏,12025552,双笙,演唱
41500546,China-X,1142042,徐梦圆,演唱
34380473,color-X3D,1142042,徐梦圆,演唱
465593781,胭脂妆,1142042,徐梦圆,演唱
405987145,China-P,1142042,徐梦圆,演唱
534540013,乐游记,1142042,徐梦圆,演唱
454129387,PDD,1142042,徐梦圆,演唱
34779103,color-X,1142042,徐梦圆,演唱
536624791,玻璃糖,12107534,冯提莫,演唱
1304920086,China-E,1142042,徐梦圆,演唱
423104116,China-PiPa,1142042,徐梦圆,演唱
409650440,China-A,1142042,徐梦圆,演唱
427017128,Water,1142042,徐梦圆,演唱
436675327,China-Rain,1142042,徐梦圆,演唱
466327445,China-O,1142042,徐梦圆,演唱
34779102,summer,1142042,徐梦圆,演唱
544000396,长情,12107270,树屋女孩,演唱
555557845,China-C,1142042,徐梦圆,演唱
34779255,时雨,1142042,徐梦圆,演唱
543987395,知了的歌,188565,银临,演唱
457840567,TheChinesezither,1142042,徐梦圆,演唱
34779260,中二也要弹钢琴,1142042,徐梦圆,演唱
1332654794,China-L,1142042,徐梦圆,演唱
442899497,在你身边（Feat.徐梦圆）,1142042,徐梦圆,演唱
34380477,upside-down3D,1142042,徐梦圆,演唱
543987393,仲夏进行曲,1142042,徐梦圆,演唱
415085467,愿世界对你温柔相待,1142042,徐梦圆,演唱
406000489,Whatever,1142042,徐梦圆,演唱
418257482,大鱼(徐梦圆Remix),12025552,双笙,演唱
496871005,张大仙你是妖怪吧,1142042,徐梦圆,演唱
1369614120,China-G,1142042,徐梦圆,演唱
493041272,China-U,1142042,徐梦圆,演唱
35032211,China,1142042,徐梦圆,演唱
40249016,Christmas,1142042,徐梦圆,演唱
409654860,China-Y,1142042,徐梦圆,演唱
1407368094,恋爱海滩,1142042,徐梦圆,演唱
41642380,SayHi,1142042,徐梦圆,演唱
862099538,第五人格,1142042,徐梦圆,演唱
424496657,Slip,1142042,徐梦圆,演唱
865674005,雨,1142042,徐梦圆,演唱
419375942,China-Dance,1142042,徐梦圆,演唱
503206672,PiercingLight(徐梦圆Remix),68192,Mako,演唱
534245148,鹿鸣,1142042,徐梦圆,演唱
407761545,China-M,1142042,徐梦圆,演唱
543987394,我想为你写首歌,1142042,徐梦圆,演唱
34380471,3DRUN,1142042,徐梦圆,演唱
1404654958,你,1142042,徐梦圆,演唱
1392742712,PostMalone(feat.RANI)[徐梦圆冯提莫合作版],12107534,冯提莫,演唱
41646269,月出（乐器版）,1142042,徐梦圆,演唱
1380104193,未来,12552691,CasperYU,演唱
1296583188,星球坠落(Live),12079219,李佳隆,演唱
1332424898,光年之外(热爱版),1203045,艾热AIR,演唱
1306498832,乌云中(Live),1203045,艾热AIR,演唱
1407594569,雾,1203045,艾热AIR,演唱
1351564259,Lighting,1203045,艾热AIR,演唱
1407594571,用音乐安慰你,1203045,艾热AIR,演唱
1404921191,我没那么游刃有余,1203045,艾热AIR,演唱
1311346362,都是小事儿(live),1203045,艾热AIR,演唱
1302066405,顶天立地(Live),13145283,ICE,演唱
1306498049,巨人(Live),1203045,艾热AIR,演唱
1407590866,蚂蚁颂,1203045,艾热AIR,演唱
1306496848,小人物(Live),1203045,艾热AIR,演唱
1407594562,蓝色星球,33875811,Ziba,演唱
1333345621,女孩,1203045,艾热AIR,演唱
1294924175,AIR(Live),1203045,艾热AIR,演唱
1407594568,你要离开吗,1203045,艾热AIR,演唱
1407594566,开始,1203045,艾热AIR,演唱
1311346364,家走(live),1203045,艾热AIR,演唱
1311345342,受够了(live),1203045,艾热AIR,演唱
1325898847,BadHabit,819003,JustineSkye,演唱
1313052974,新三部曲(Live),1203045,艾热AIR,演唱
1300423168,安静的稻草人(Live),13899303,杨和苏KeyNG,演唱
1407594589,故事,1203045,艾热AIR,演唱
1407594567,亢奋,1203045,艾热AIR,演唱
1311319387,WestSide(live),1203045,艾热AIR,演唱
1311346363,往昔(live),1203045,艾热AIR,演唱
1325897507,唯一的港湾,1203045,艾热AIR,演唱
1407594570,疑惑,1203045,艾热AIR,演唱
1407590868,失控,1203045,艾热AIR,演唱
550004449,我到新疆去,1203045,艾热AIR,演唱
1366936291,兄弟,1203045,艾热AIR,演唱
1325897054,绿色丛林,1155005,TerryZhong,演唱
1407594563,结束,1203045,艾热AIR,演唱
557579646,外婆,1203045,艾热AIR,演唱
1313107985,逍遥,1203045,艾热AIR,演唱
1336789742,永不独行,1203045,艾热AIR,演唱
1321751090,真的,1203045,艾热AIR,演唱
1369091804,法，老牛13,1203045,艾热AIR,演唱
1368558121,WELOVETHISGAME(为爱加冕),1203045,艾热AIR,演唱
1304922136,潘玮柏邓紫棋战队Cypher(Live),13145283,ICE,演唱
506987626,AMAZINGGIRL(Prodby.Ballrockin),1203045,艾热AIR,演唱
1370328608,父与子,1203045,艾热AIR,演唱
1388313462,悟空说,1203045,艾热AIR,演唱
532440736,Blurout(#STONAGANG),29730462,AceToy,演唱
473787122,NotYoungAnymore(Prod.byVyan&史家汝),1203045,艾热AIR,演唱
1333345616,WESTSIDE,1203045,艾热AIR,演唱
571545156,好几年,4080,刘心,演唱
362930,雨过之后,4080,刘心,演唱
131580,凭什么说,4080,刘心,演唱
131592,一开始,4080,刘心,演唱
26620017,刘哈哈与大先生,188681,大鹏,演唱
131586,写给方大同,4080,刘心,演唱
1368740341,一点点心动,4080,刘心,演唱
27927093,找一个字代替(Live),4080,刘心,演唱
27612228,新自己,4080,刘心,演唱
1322228868,小确幸,4080,刘心,演唱
131577,情人节,4080,刘心,演唱
1373159690,心大,4080,刘心,演唱
1365637039,人生不可圆满,4080,刘心,演唱
131589,那年春天下着雪,4080,刘心,演唱
27927092,单身情歌(Live),4080,刘心,演唱
488647219,有回忆的人,4080,刘心,演唱
558202291,纸短情长（Cover：烟把儿）,4080,刘心,演唱
27646781,最爱,4080,刘心,演唱
1321654215,老街（Cover：李荣浩）,4080,刘心,演唱
28695905,风(Demo),4080,刘心,演唱
479422751,疯狂而倔强的你,4080,刘心,演唱
1378251600,还是可以,4080,刘心,演唱
436355208,圣诞节,8029,洪辰,演唱
28725035,你怎么舍得我难过(Live),4080,刘心,演唱
29414027,思念谁(Live),4080,刘心,演唱
28854630,屌丝情歌,188681,大鹏,演唱
1389111074,方向感,4080,刘心,演唱
550279706,剪云者/小瓶子（Cover：林俊杰）,4080,刘心,演唱
522320163,单身狗之歌,992001,张阳阳,演唱
534544670,有里也有面儿,4080,刘心,演唱
28819876,爱,177045,赵帆,演唱
1369576968,无尽的夜,4080,刘心,演唱
470759441,辛德瑞拉,4080,刘心,演唱
27646783,游响云停,4080,刘心,演唱
1399113287,情难枕(cover：姜育恒),4080,刘心,演唱
